Sales Person,Country,Product,Date,Amount,Boxes Shipped
Jehu Rudeforth,UK,Mint Chip Choco,04-Jan-22,"$5,320 ",0.2528248587570621
Van Tuxwell,India,85% Dark Bars,01-Aug-22,"$7,896 ",0.13135593220338984
Gigi Bohling,India,Peanut Butter Cubes,07-Jul-22,"$4,501 ",0.1271186440677966
Jan Morforth,Australia,Peanut Butter Cubes,27-Apr-22,"$12,726 ",0.481638418079096
Jehu Rudeforth,UK,Peanut Butter Cubes,24-Feb-22,"$13,685 ",0.2584745762711864
Van Tuxwell,India,Smooth Sliky Salty,06-Jun-22,"$5,376 ",0.052259887005649715
Oby Sorrel,UK,99% Dark & Pure,25-Jan-22,"$13,685 ",0.24717514124293785
Gunar Cockshoot,Australia,After Nines,24-Mar-22,"$3,080 ",0.1016949152542373
Jehu Rudeforth,New Zealand,50% Dark Bites,20-Apr-22,"$3,990 ",0.08192090395480225
Brien Boise,Australia,99% Dark & Pure,04-Jul-22,"$2,835 ",0.1426553672316384
Rafaelita Blaksland,UK,Smooth Sliky Salty,13-Jan-22,"$4,704 ",0.08615819209039548
Barr Faughny,USA,Orange Choco,10-Mar-22,"$3,703 ",0.014124293785310734
Mallorie Waber,Canada,Eclairs,13-Jan-22,"$1,442 ",0.4025423728813559
Karlen McCaffrey,New Zealand,Drinking Coco,28-Jul-22,$168 ,0.2189265536723164
Marney O'Breen,New Zealand,Peanut Butter Cubes,03-Aug-22,"$8,379 ",0.24293785310734464
Beverie Moffet,Australia,Organic Choco Syrup,26-Jan-22,"$6,790 ",0.501412429378531
Van Tuxwell,Canada,Organic Choco Syrup,14-Feb-22,"$4,067 ",0.05790960451977401
Roddy Speechley,USA,Smooth Sliky Salty,05-Apr-22,"$3,017 ",0.1963276836158192
Beverie Moffet,Canada,Milk Bars,16-Feb-22,"$8,799 ",0.3516949152542373
Curtice Advani,UK,85% Dark Bars,08-Jun-22,"$1,085 ",0.24152542372881355
Brien Boise,Australia,Eclairs,27-Jun-22,"$6,888 ",0.1228813559322034
Gunar Cockshoot,USA,Spicy Special Slims,17-Feb-22,"$1,267 ",0.22033898305084745
Marney O'Breen,USA,After Nines,30-May-22,"$4,753 ",0.2288135593220339
Husein Augar,UK,Drinking Coco,14-Mar-22,"$3,003 ",0.15819209039548024
Kaine Padly,Australia,Eclairs,28-Feb-22,"$7,672 ",0.16101694915254236
Karlen McCaffrey,India,Fruit & Nut Bars,26-Jan-22,$168 ,0.4519774011299435
Roddy Speechley,Canada,Spicy Special Slims,09-Feb-22,"$1,652 ",0.2612994350282486
Husein Augar,USA,Eclairs,07-Jul-22,"$4,025 ",0.15677966101694915
Dennison Crosswaite,New Zealand,White Choc,05-Jul-22,"$9,492 ",0.211864406779661
Dennison Crosswaite,New Zealand,Manuka Honey Choco,15-Jun-22,"$5,061 ",0.423728813559322
Van Tuxwell,New Zealand,85% Dark Bars,24-May-22,"$1,722 ",0.1694915254237288
Rafaelita Blaksland,UK,99% Dark & Pure,29-Jun-22,"$12,446 ",0.21045197740112995
Wilone O'Kielt,Australia,Manuka Honey Choco,11-May-22,"$4,284 ",0.13135593220338984
Karlen McCaffrey,UK,Almond Choco,30-Jun-22,"$6,839 ",0.1864406779661017
Andria Kimpton,Canada,After Nines,11-May-22,"$2,163 ",0.09745762711864407
Roddy Speechley,USA,Manuka Honey Choco,22-Jul-22,"$9,583 ",0.4435028248587571
Andria Kimpton,UK,50% Dark Bites,24-Aug-22,"$2,653 ",0.442090395480226
Kelci Walkden,New Zealand,After Nines,07-Jul-22,$147 ,0.10028248587570622
Camilla Castle,Australia,85% Dark Bars,19-May-22,"$3,654 ",0.018361581920903956
Karlen McCaffrey,India,Manuka Honey Choco,04-Jul-22,"$2,443 ",0.8192090395480226
Kelci Walkden,USA,After Nines,02-Jun-22,$938 ,0.0211864406779661
Karlen McCaffrey,USA,Raspberry Choco,15-Apr-22,"$14,749 ",0.4985875706214689
Mallorie Waber,Canada,Choco Coated Almonds,11-Jul-22,"$4,781 ",0.3389830508474576
Andria Kimpton,India,Spicy Special Slims,23-Feb-22,"$6,307 ",0.19915254237288135
Madelene Upcott,Canada,Almond Choco,22-Aug-22,"$7,602 ",0.1426553672316384
Kaine Padly,USA,Peanut Butter Cubes,16-Feb-22,"$6,790 ",0.2641242937853107
Van Tuxwell,USA,50% Dark Bites,13-Jan-22,"$9,737 ",0.2245762711864407
Curtice Advani,Australia,Milk Bars,14-Feb-22,"$6,979 ",0.02401129943502825
Roddy Speechley,India,Eclairs,10-Jun-22,"$4,382 ",0.4265536723163842
Curtice Advani,India,Fruit & Nut Bars,07-Jul-22,"$5,243 ",0.24717514124293785
Curtice Advani,Canada,Almond Choco,24-Mar-22,"$4,865 ",0.09745762711864407
Brien Boise,Australia,Fruit & Nut Bars,06-Jun-22,"$8,575 ",0.031073446327683617
Dotty Strutley,Australia,Drinking Coco,19-Jul-22,$91 ,0.18926553672316385
Beverie Moffet,USA,Raspberry Choco,19-Apr-22,"$14,798 ",0.11581920903954802
Marney O'Breen,India,85% Dark Bars,19-Jul-22,"$2,205 ",0.2514124293785311
Jehu Rudeforth,Canada,Drinking Coco,15-Jul-22,$441 ,0.03248587570621469
Ches Bonnell,New Zealand,Spicy Special Slims,14-Feb-22,"$3,556 ",0.02401129943502825
Brien Boise,Canada,99% Dark & Pure,18-May-22,"$16,793 ",0.5861581920903954
Barr Faughny,Australia,Fruit & Nut Bars,30-Jun-22,"$15,421 ",0.07627118644067797
Andria Kimpton,Australia,50% Dark Bites,02-Jun-22,"$4,438 ",0.3192090395480226
Andria Kimpton,Australia,Drinking Coco,28-Jun-22,"$1,603 ",0.06638418079096045
Marney O'Breen,Australia,Organic Choco Syrup,16-May-22,$273 ,0.2443502824858757
Kelci Walkden,Canada,Baker's Choco Chips,26-May-22,"$3,073 ",0.4251412429378531
Karlen McCaffrey,India,Almond Choco,06-Jul-22,"$6,090 ",0.20903954802259886
Oby Sorrel,India,99% Dark & Pure,27-May-22,"$10,255 ",0.014124293785310734
Wilone O'Kielt,Australia,Caramel Stuffed Bars,14-Apr-22,"$2,030 ",0.014124293785310734
Van Tuxwell,Australia,Organic Choco Syrup,10-Aug-22,"$19,453 ",0.018361581920903956
Camilla Castle,India,50% Dark Bites,04-Jul-22,"$9,275 ",0.5790960451977402
Oby Sorrel,India,Organic Choco Syrup,08-Jul-22,"$6,181 ",0.07768361581920905
Jan Morforth,USA,Peanut Butter Cubes,22-Jul-22,"$9,037 ",0.1426553672316384
Gigi Bohling,USA,Choco Coated Almonds,02-Mar-22,"$12,313 ",0.1440677966101695
Gigi Bohling,UK,Almond Choco,10-Jan-22,"$5,642 ",0.011299435028248588
Jehu Rudeforth,New Zealand,White Choc,11-Mar-22,"$2,800 ",0.3389830508474576
Andria Kimpton,New Zealand,Peanut Butter Cubes,20-Jun-22,$959 ,0.3728813559322034
Van Tuxwell,UK,Organic Choco Syrup,26-Aug-22,"$2,002 ",0.3008474576271186
Roddy Speechley,Canada,Milk Bars,13-Jul-22,$609 ,0.043785310734463276
Camilla Castle,USA,Spicy Special Slims,11-Feb-22,"$1,274 ",0.3432203389830508
Marney O'Breen,USA,Orange Choco,27-Jan-22,"$7,595 ",0.2542372881355932
Van Tuxwell,UK,99% Dark & Pure,31-Jan-22,"$4,725 ",0.192090395480226
Camilla Castle,USA,White Choc,18-Aug-22,"$9,681 ",0.03248587570621469
Andria Kimpton,USA,Raspberry Choco,30-Jun-22,"$14,504 ",0.02824858757062147
Dotty Strutley,Australia,Fruit & Nut Bars,23-Aug-22,$280 ,0.4378531073446328
Brien Boise,New Zealand,Mint Chip Choco,01-Aug-22,$63 ,0.2542372881355932
Roddy Speechley,New Zealand,After Nines,25-May-22,"$8,001 ",0.012711864406779662
Roddy Speechley,Canada,Organic Choco Syrup,10-Jan-22,"$4,032 ",0.11440677966101695
Dennison Crosswaite,Australia,70% Dark Bites,07-Feb-22,"$5,859 ",0.15112994350282485
Karlen McCaffrey,USA,Orange Choco,12-May-22,"$11,095 ",0.5649717514124294
Madelene Upcott,Australia,Spicy Special Slims,07-Mar-22,"$7,182 ",0.5748587570621468
Dennison Crosswaite,Australia,85% Dark Bars,05-Apr-22,"$6,881 ",0.5918079096045198
Andria Kimpton,Canada,Caramel Stuffed Bars,03-Jan-22,"$7,154 ",0.4901129943502825
Dennison Crosswaite,UK,Eclairs,24-Mar-22,"$6,188 ",0.3799435028248588
Madelene Upcott,India,Raspberry Choco,07-Jul-22,"$4,221 ",0.011299435028248588
Van Tuxwell,USA,After Nines,26-Jul-22,$630 ,0.3714689265536723
Wilone O'Kielt,Australia,Organic Choco Syrup,07-Jul-22,"$1,743 ",0.1553672316384181
Karlen McCaffrey,Canada,50% Dark Bites,15-Jul-22,"$2,919 ",0.0903954802259887
Roddy Speechley,New Zealand,Orange Choco,01-Apr-22,$49 ,0.13559322033898305
Beverie Moffet,Australia,Eclairs,20-Jun-22,"$1,827 ",0.007062146892655367
Kelci Walkden,UK,Fruit & Nut Bars,29-Jun-22,"$13,006 ",0.6793785310734464
Marney O'Breen,USA,50% Dark Bites,15-Jun-22,"$1,064 ",0.1483050847457627
Husein Augar,USA,After Nines,08-Apr-22,"$11,571 ",0.2528248587570621
Dennison Crosswaite,Australia,Raspberry Choco,14-Mar-22,"$5,740 ",0.0423728813559322
Andria Kimpton,USA,Fruit & Nut Bars,15-Jul-22,"$1,456 ",0.5056497175141242
Kelci Walkden,India,Eclairs,19-Apr-22,"$5,334 ",0.1115819209039548
Marney O'Breen,USA,99% Dark & Pure,28-Mar-22,"$4,151 ",0.4166666666666667
Brien Boise,Canada,Spicy Special Slims,04-Mar-22,"$8,106 ",0.14124293785310735
Karlen McCaffrey,New Zealand,70% Dark Bites,02-Aug-22,$126 ,0.05508474576271186
Husein Augar,UK,Spicy Special Slims,25-Aug-22,"$4,697 ",0.05790960451977401
Marney O'Breen,USA,Almond Choco,25-Feb-22,"$7,798 ",0.2344632768361582
Kelci Walkden,India,Orange Choco,07-Jun-22,"$9,408 ",0.19350282485875706
Jan Morforth,India,Spicy Special Slims,12-Apr-22,"$1,939 ",0.7330508474576272
Ches Bonnell,India,Spicy Special Slims,06-Jul-22,"$10,906 ",0.13135593220338984
Kelci Walkden,UK,Smooth Sliky Salty,19-Jan-22,"$5,929 ",0.2457627118644068
Madelene Upcott,Australia,Fruit & Nut Bars,05-Jan-22,"$5,579 ",0.1285310734463277
Madelene Upcott,Canada,70% Dark Bites,24-Jan-22,"$10,927 ",0.1977401129943503
Wilone O'Kielt,Australia,Drinking Coco,06-Apr-22,$623 ,0.3983050847457627
Gunar Cockshoot,Australia,Fruit & Nut Bars,15-Jun-22,"$6,013 ",0.02824858757062147
Gigi Bohling,Canada,Baker's Choco Chips,28-Jan-22,"$1,505 ",0.06497175141242938
Kelci Walkden,India,Caramel Stuffed Bars,16-Mar-22,$476 ,0.1751412429378531
Rafaelita Blaksland,Australia,Drinking Coco,21-Feb-22,"$11,550 ",0.557909604519774
Kelci Walkden,USA,Manuka Honey Choco,16-Feb-22,"$17,318 ",0.12146892655367232
Jehu Rudeforth,Canada,Spicy Special Slims,13-Jan-22,"$1,848 ",0.03672316384180791
Kelci Walkden,Australia,Eclairs,23-Mar-22,"$7,273 ",0.7711864406779662
Curtice Advani,Canada,Spicy Special Slims,16-Jun-22,$854 ,0.1652542372881356
Oby Sorrel,India,Raspberry Choco,14-Apr-22,"$6,832 ",0.0635593220338983
Kelci Walkden,UK,Eclairs,25-Jan-22,"$4,606 ",0.07909604519774012
Jan Morforth,India,Almond Choco,11-Mar-22,"$4,466 ",0.029661016949152543
Dotty Strutley,UK,Almond Choco,28-Jul-22,"$16,114 ",0.134180790960452
Marney O'Breen,New Zealand,After Nines,09-Mar-22,"$1,561 ",0.06073446327683616
Husein Augar,Australia,Orange Choco,28-Jun-22,"$8,897 ",0.2641242937853107
Marney O'Breen,Australia,Milk Bars,28-Jul-22,"$2,464 ",0.5451977401129944
Kelci Walkden,Canada,99% Dark & Pure,15-Aug-22,"$4,830 ",0.0692090395480226
Kaine Padly,Australia,Manuka Honey Choco,12-Jan-22,"$2,765 ",0.3714689265536723
Beverie Moffet,New Zealand,White Choc,24-Mar-22,"$7,126 ",0.00847457627118644
Van Tuxwell,UK,Milk Bars,25-Jul-22,"$4,263 ",0.12570621468926554
Oby Sorrel,Canada,99% Dark & Pure,01-Aug-22,"$3,605 ",0.5677966101694916
Van Tuxwell,India,Organic Choco Syrup,16-May-22,"$19,929 ",0.2443502824858757
Roddy Speechley,India,Smooth Sliky Salty,10-Aug-22,"$5,103 ",0.1963276836158192
Jan Morforth,India,Eclairs,05-Jan-22,"$2,541 ",0.03672316384180791
Ches Bonnell,UK,Smooth Sliky Salty,11-Jul-22,"$5,663 ",0.153954802259887
Wilone O'Kielt,USA,After Nines,25-Apr-22,$392 ,0.04096045197740113
Gigi Bohling,New Zealand,Fruit & Nut Bars,04-Apr-22,"$10,976 ",0.1694915254237288
Barr Faughny,USA,Raspberry Choco,12-Apr-22,"$9,282 ",0.14124293785310735
Wilone O'Kielt,New Zealand,85% Dark Bars,02-Aug-22,"$1,827 ",0.1638418079096045
Gigi Bohling,New Zealand,Manuka Honey Choco,28-Jun-22,"$8,267 ",0.3827683615819209
Ches Bonnell,Australia,Eclairs,05-Jul-22,"$4,116 ",0.17937853107344634
Rafaelita Blaksland,New Zealand,Choco Coated Almonds,07-Jun-22,"$2,093 ",0.062146892655367235
Brien Boise,New Zealand,Smooth Sliky Salty,18-Jan-22,"$1,015 ",0.03672316384180791
Brien Boise,Australia,Baker's Choco Chips,04-Jan-22,"$12,516 ",0.2980225988700565
Dennison Crosswaite,Australia,99% Dark & Pure,31-Jan-22,"$2,758 ",0.02401129943502825
Kelci Walkden,India,Almond Choco,14-Mar-22,"$3,297 ",0.20903954802259886
Camilla Castle,Australia,70% Dark Bites,29-Apr-22,"$6,048 ",0.672316384180791
Oby Sorrel,India,Smooth Sliky Salty,07-Feb-22,"$10,101 ",0.15112994350282485
Kaine Padly,UK,Organic Choco Syrup,31-Mar-22,"$2,282 ",0.25
Marney O'Breen,India,Caramel Stuffed Bars,16-Mar-22,"$4,361 ",0.11299435028248588
Karlen McCaffrey,UK,Eclairs,25-Jan-22,"$7,798 ",0.2754237288135593
Van Tuxwell,India,Baker's Choco Chips,20-Jun-22,"$3,052 ",0.6299435028248588
Gigi Bohling,UK,After Nines,29-Mar-22,"$8,029 ",0.2457627118644068
Curtice Advani,Australia,Orange Choco,12-Jul-22,$854 ,0.1906779661016949
Jehu Rudeforth,Canada,Smooth Sliky Salty,11-Jul-22,"$5,460 ",0.19350282485875706
Karlen McCaffrey,Canada,Smooth Sliky Salty,19-Jan-22,"$3,017 ",0.2584745762711864
Andria Kimpton,USA,85% Dark Bars,05-Apr-22,"$8,911 ",0.11440677966101695
Jehu Rudeforth,Canada,Milk Bars,21-Feb-22,"$7,203 ",0.015536723163841809
Rafaelita Blaksland,New Zealand,Caramel Stuffed Bars,20-May-22,"$13,083 ",0.018361581920903956
Mallorie Waber,Australia,Milk Bars,29-Jul-22,"$2,779 ",0.14548022598870056
Barr Faughny,USA,Fruit & Nut Bars,28-Jan-22,"$9,058 ",0.0635593220338983
Marney O'Breen,UK,Caramel Stuffed Bars,19-Jul-22,"$3,549 ",0.15677966101694915
Mallorie Waber,New Zealand,Manuka Honey Choco,13-Apr-22,"$9,436 ",0.014124293785310734
Roddy Speechley,India,Peanut Butter Cubes,11-Feb-22,"$10,283 ",0.02824858757062147
Roddy Speechley,New Zealand,Milk Bars,02-Mar-22,"$5,446 ",0.16242937853107345
Ches Bonnell,Australia,White Choc,02-Mar-22,"$1,043 ",0.2838983050847458
Van Tuxwell,USA,99% Dark & Pure,28-Jul-22,"$12,586 ",0.007062146892655367
Kelci Walkden,India,After Nines,07-Jan-22,"$1,687 ",0.7330508474576272
Brien Boise,UK,White Choc,12-Apr-22,"$5,299 ",0.2344632768361582
Van Tuxwell,Canada,Almond Choco,27-Jun-22,"$3,213 ",0.10028248587570622
Jehu Rudeforth,Australia,50% Dark Bites,14-Jan-22,"$5,194 ",0.5889830508474576
Karlen McCaffrey,UK,Baker's Choco Chips,07-Feb-22,"$4,753 ",0.5480225988700564
Jehu Rudeforth,Australia,Orange Choco,23-Mar-22,"$13,706 ",0.03531073446327684
Marney O'Breen,India,Peanut Butter Cubes,10-Jan-22,"$6,489 ",0.20480225988700565
Oby Sorrel,UK,Choco Coated Almonds,17-Mar-22,"$9,324 ",0.05649717514124294
Gigi Bohling,USA,Spicy Special Slims,21-Jan-22,"$10,829 ",0.0748587570621469
Barr Faughny,Australia,White Choc,04-Jul-22,"$8,113 ",0.5211864406779662
Kaine Padly,Canada,Peanut Butter Cubes,04-Jul-22,"$3,269 ",0.24717514124293785
Dotty Strutley,USA,Manuka Honey Choco,10-Aug-22,$273 ,0.2951977401129944
Dennison Crosswaite,Australia,50% Dark Bites,01-Apr-22,"$7,287 ",0.015536723163841809
Gigi Bohling,India,Raspberry Choco,22-Feb-22,"$2,583 ",0.2231638418079096
Camilla Castle,UK,White Choc,03-Jan-22,"$9,982 ",0.2627118644067797
Karlen McCaffrey,India,Drinking Coco,31-May-22,"$4,795 ",0.327683615819209
Dotty Strutley,UK,99% Dark & Pure,03-Jan-22,"$9,310 ",0.3968926553672316
Husein Augar,New Zealand,Caramel Stuffed Bars,27-Jan-22,$497 ,0.6694915254237288
Barr Faughny,UK,50% Dark Bites,28-Jan-22,$581 ,0.0903954802259887
Curtice Advani,Australia,Organic Choco Syrup,28-Jun-22,"$3,472 ",0.4378531073446328
Husein Augar,UK,Choco Coated Almonds,02-Mar-22,"$4,333 ",0.059322033898305086
Wilone O'Kielt,Australia,After Nines,27-May-22,"$3,325 ",0.03531073446327684
Dennison Crosswaite,USA,Almond Choco,30-Jun-22,"$11,718 ",0.1172316384180791
Barr Faughny,Canada,Peanut Butter Cubes,07-Jun-22,"$2,100 ",0.10875706214689265
Kaine Padly,USA,70% Dark Bites,12-May-22,"$4,018 ",0.13983050847457626
Barr Faughny,New Zealand,Raspberry Choco,29-Jul-22,"$6,468 ",0.09180790960451977
Dennison Crosswaite,UK,White Choc,03-Aug-22,"$7,238 ",0.3728813559322034
Barr Faughny,India,Baker's Choco Chips,18-Aug-22,"$6,454 ",0.1977401129943503
Van Tuxwell,New Zealand,Smooth Sliky Salty,14-Jun-22,"$3,115 ",0.05790960451977401
Beverie Moffet,UK,White Choc,30-Jun-22,"$6,475 ",0.1059322033898305
Camilla Castle,New Zealand,Mint Chip Choco,13-Jun-22,"$1,162 ",0.2669491525423729
Ches Bonnell,UK,Orange Choco,27-Apr-22,"$14,238 ",0.0748587570621469
Jan Morforth,Australia,White Choc,27-Jul-22,"$3,472 ",0.043785310734463276
Mallorie Waber,Canada,85% Dark Bars,20-Apr-22,"$1,428 ",0.597457627118644
Rafaelita Blaksland,India,Spicy Special Slims,04-Jan-22,"$8,064 ",0.18785310734463276
Ches Bonnell,Australia,Mint Chip Choco,21-Feb-22,"$9,660 ",0.1285310734463277
Karlen McCaffrey,Australia,White Choc,05-Jan-22,"$7,357 ",0.06638418079096045
Beverie Moffet,India,Drinking Coco,15-Jul-22,"$6,055 ",0.0635593220338983
Brien Boise,Australia,Choco Coated Almonds,25-May-22,"$5,124 ",0.08615819209039548
Karlen McCaffrey,Canada,Eclairs,20-Apr-22,"$3,479 ",0.5042372881355932
Gigi Bohling,USA,99% Dark & Pure,02-Jun-22,$784 ,0.3502824858757062
Marney O'Breen,UK,Smooth Sliky Salty,13-May-22,"$18,991 ",0.1228813559322034
Beverie Moffet,New Zealand,Baker's Choco Chips,03-Aug-22,"$1,372 ",0.2019774011299435
Beverie Moffet,Australia,Milk Bars,25-May-22,$735 ,0.5494350282485876
Van Tuxwell,UK,Raspberry Choco,16-Mar-22,"$6,538 ",0.11016949152542373
Jan Morforth,Australia,Orange Choco,04-Jul-22,"$3,199 ",0.1709039548022599
Jehu Rudeforth,India,50% Dark Bites,05-Jul-22,"$3,472 ",0.18926553672316385
Madelene Upcott,USA,After Nines,15-Mar-22,"$4,571 ",0.6059322033898306
Barr Faughny,UK,Raspberry Choco,22-Aug-22,"$5,481 ",0.096045197740113
Ches Bonnell,Australia,70% Dark Bites,12-Jan-22,"$3,136 ",0.1751412429378531
Marney O'Breen,UK,Baker's Choco Chips,10-Jun-22,$252 ,0.21610169491525424
Kaine Padly,Australia,Peanut Butter Cubes,25-Mar-22,"$5,460 ",0.4025423728813559
Rafaelita Blaksland,India,Almond Choco,27-Jul-22,"$3,395 ",0.1384180790960452
Husein Augar,UK,Caramel Stuffed Bars,15-Apr-22,"$14,938 ",0.6101694915254238
Roddy Speechley,India,Orange Choco,27-Jun-22,"$4,053 ",0.025423728813559324
Jehu Rudeforth,UK,70% Dark Bites,14-Apr-22,"$5,565 ",0.3629943502824859
Husein Augar,Australia,Manuka Honey Choco,15-Mar-22,"$7,161 ",0.1285310734463277
Madelene Upcott,USA,Eclairs,18-Mar-22,"$8,883 ",0.2810734463276836
Brien Boise,India,Eclairs,29-Apr-22,"$1,351 ",0.0847457627118644
Mallorie Waber,New Zealand,White Choc,25-Feb-22,"$3,171 ",0.346045197740113
Husein Augar,USA,Milk Bars,02-Mar-22,$854 ,0.07768361581920905
Van Tuxwell,Australia,Milk Bars,20-Jun-22,"$7,910 ",0.12146892655367232
Beverie Moffet,Canada,White Choc,15-Jul-22,"$9,275 ",0.24293785310734464
Dotty Strutley,Australia,50% Dark Bites,12-May-22,"$3,108 ",0.3545197740112994
Mallorie Waber,New Zealand,Organic Choco Syrup,01-Jul-22,"$5,075 ",0.3601694915254237
Husein Augar,USA,85% Dark Bars,08-Aug-22,$378 ,0.0748587570621469
Madelene Upcott,Australia,50% Dark Bites,25-Jul-22,"$7,350 ",0.007062146892655367
Wilone O'Kielt,UK,Drinking Coco,18-May-22,"$3,388 ",0.07627118644067797
Camilla Castle,India,Peanut Butter Cubes,15-Jul-22,"$11,837 ",0.3898305084745763
Curtice Advani,India,70% Dark Bites,05-Jul-22,"$2,282 ",0.06073446327683616
Mallorie Waber,USA,Manuka Honey Choco,04-Jul-22,"$5,425 ",0.134180790960452
Dotty Strutley,UK,70% Dark Bites,20-Jun-22,"$1,267 ",0.3036723163841808
Gunar Cockshoot,Australia,Almond Choco,25-Jan-22,"$3,752 ",0.597457627118644
Kaine Padly,New Zealand,Spicy Special Slims,01-Jul-22,"$7,728 ",0.05084745762711865
Gigi Bohling,USA,50% Dark Bites,13-Apr-22,"$2,296 ",0.08192090395480225
Beverie Moffet,UK,Smooth Sliky Salty,04-May-22,"$4,403 ",0.1059322033898305
Beverie Moffet,Australia,Baker's Choco Chips,04-Aug-22,"$3,192 ",0.15254237288135594
Beverie Moffet,India,70% Dark Bites,01-Jun-22,$448 ,0.20480225988700565
Jehu Rudeforth,UK,Choco Coated Almonds,22-Apr-22,"$4,270 ",0.2598870056497175
Kaine Padly,USA,50% Dark Bites,03-Aug-22,$70 ,0.03672316384180791
Ches Bonnell,USA,Orange Choco,10-Jun-22,"$1,743 ",0.096045197740113
Gunar Cockshoot,UK,Manuka Honey Choco,27-Jun-22,"$6,762 ",0.0635593220338983
Marney O'Breen,Australia,Smooth Sliky Salty,03-Jan-22,"$3,745 ",0.2387005649717514
Marney O'Breen,India,After Nines,11-Jul-22,"$2,639 ",0.2514124293785311
Ches Bonnell,New Zealand,Milk Bars,17-Aug-22,"$4,389 ",0.1765536723163842
Rafaelita Blaksland,USA,Fruit & Nut Bars,18-Jan-22,"$2,604 ",0.0903954802259887
Ches Bonnell,India,Organic Choco Syrup,08-Mar-22,"$16,569 ",0.1384180790960452
Mallorie Waber,Australia,Orange Choco,07-Mar-22,"$14,658 ",0.3870056497175141
Husein Augar,India,70% Dark Bites,09-May-22,"$6,454 ",0.22033898305084745
Barr Faughny,New Zealand,85% Dark Bars,23-May-22,"$2,100 ",0.22033898305084745
Madelene Upcott,UK,Caramel Stuffed Bars,15-Apr-22,$161 ,0.2033898305084746
Gigi Bohling,Australia,Drinking Coco,27-Jul-22,"$2,807 ",0.19491525423728814
Marney O'Breen,Canada,Choco Coated Almonds,22-Aug-22,"$2,639 ",0.5720338983050848
Ches Bonnell,USA,70% Dark Bites,11-May-22,"$4,571 ",0.1709039548022599
Madelene Upcott,India,Organic Choco Syrup,26-Jan-22,"$4,781 ",0.052259887005649715
Barr Faughny,USA,50% Dark Bites,14-Apr-22,"$13,034 ",0.1638418079096045
Dennison Crosswaite,New Zealand,Mint Chip Choco,05-Apr-22,"$6,454 ",0.5875706214689266
Marney O'Breen,New Zealand,Smooth Sliky Salty,14-Jun-22,"$8,484 ",0.07909604519774012
Brien Boise,Canada,Almond Choco,13-Apr-22,"$4,781 ",0.1751412429378531
Beverie Moffet,Australia,White Choc,27-Jun-22,"$2,240 ",0.2330508474576271
Dotty Strutley,Australia,Eclairs,26-Jan-22,"$6,979 ",0.002824858757062147
Barr Faughny,UK,White Choc,05-Jul-22,"$1,652 ",0.10028248587570622
Beverie Moffet,Canada,Baker's Choco Chips,11-Jan-22,"$13,447 ",0.1327683615819209
Kelci Walkden,USA,White Choc,07-Mar-22,"$9,422 ",0.029661016949152543
Kaine Padly,Canada,50% Dark Bites,04-Mar-22,"$8,687 ",0.13983050847457626
Karlen McCaffrey,Canada,Organic Choco Syrup,15-Jul-22,"$2,415 ",0.4392655367231638
Kaine Padly,UK,Peanut Butter Cubes,11-May-22,"$6,272 ",0.12005649717514125
Karlen McCaffrey,USA,Milk Bars,27-Jan-22,"$4,389 ",0.00847457627118644
Karlen McCaffrey,India,Orange Choco,27-Jun-22,"$3,122 ",0.20903954802259886
Ches Bonnell,India,Smooth Sliky Salty,03-Aug-22,"$8,043 ",0.02401129943502825
Wilone O'Kielt,New Zealand,Mint Chip Choco,19-Aug-22,"$11,662 ",0.3403954802259887
Wilone O'Kielt,Australia,Fruit & Nut Bars,15-Jun-22,$392 ,0.1426553672316384
Dennison Crosswaite,UK,Peanut Butter Cubes,07-Feb-22,"$8,925 ",0.22175141242937854
Karlen McCaffrey,Australia,Almond Choco,08-Jul-22,"$7,294 ",0.17937853107344634
Dennison Crosswaite,India,Milk Bars,21-Apr-22,"$1,526 ",0.134180790960452
Ches Bonnell,UK,Mint Chip Choco,08-Apr-22,"$2,688 ",0.2937853107344633
Husein Augar,Australia,50% Dark Bites,19-Aug-22,"$14,889 ",0.07203389830508475
Jan Morforth,India,Fruit & Nut Bars,04-May-22,"$2,912 ",0.07627118644067797
Mallorie Waber,USA,85% Dark Bars,11-May-22,"$2,632 ",0.15112994350282485
Mallorie Waber,USA,Eclairs,22-Mar-22,"$6,328 ",0.07062146892655367
Dennison Crosswaite,Canada,Spicy Special Slims,10-Aug-22,"$2,527 ",0.3036723163841808
Dennison Crosswaite,USA,Fruit & Nut Bars,04-May-22,"$1,414 ",0.4477401129943503
Kelci Walkden,USA,99% Dark & Pure,18-Aug-22,"$7,714 ",0.3347457627118644
Dotty Strutley,Canada,Raspberry Choco,03-Aug-22,"$4,347 ",0.3347457627118644
Marney O'Breen,New Zealand,Milk Bars,14-Jan-22,"$7,490 ",0.4435028248587571
Madelene Upcott,Australia,Choco Coated Almonds,08-Apr-22,"$2,058 ",0.10028248587570622
Kelci Walkden,UK,Orange Choco,01-Aug-22,"$3,640 ",0.002824858757062147
Dennison Crosswaite,Canada,Eclairs,15-Mar-22,$455 ,0.062146892655367235
Karlen McCaffrey,India,Mint Chip Choco,15-Jul-22,"$10,990 ",0.2584745762711864
Barr Faughny,New Zealand,Almond Choco,13-Jan-22,"$5,558 ",0.17796610169491525
Mallorie Waber,Australia,85% Dark Bars,26-Aug-22,"$2,541 ",0.07344632768361582
Ches Bonnell,Canada,Eclairs,10-Jan-22,"$1,876 ",0.24152542372881355
Gigi Bohling,Australia,White Choc,11-May-22,"$5,523 ",0.12146892655367232
Beverie Moffet,New Zealand,85% Dark Bars,30-Aug-22,"$11,200 ",0.029661016949152543
Kaine Padly,USA,Caramel Stuffed Bars,21-Jul-22,"$5,593 ",0.1709039548022599
Mallorie Waber,Australia,Almond Choco,01-Aug-22,"$7,882 ",0.1751412429378531
Brien Boise,Canada,85% Dark Bars,17-Feb-22,"$10,241 ",0.3644067796610169
Brien Boise,Australia,Drinking Coco,27-Jul-22,"$6,832 ",0.2189265536723164
Dotty Strutley,USA,Orange Choco,23-Feb-22,"$1,379 ",0.1497175141242938
Rafaelita Blaksland,Australia,50% Dark Bites,22-Mar-22,"$3,010 ",0.05508474576271186
Dennison Crosswaite,India,99% Dark & Pure,23-Jun-22,"$6,888 ",0.4378531073446328
Curtice Advani,UK,White Choc,01-Feb-22,"$1,540 ",0.1016949152542373
Kelci Walkden,Australia,After Nines,02-Mar-22,"$6,916 ",0.4053672316384181
Gigi Bohling,UK,Fruit & Nut Bars,06-Apr-22,"$1,232 ",0.12005649717514125
Gunar Cockshoot,Australia,Raspberry Choco,17-Mar-22,$602 ,0.10028248587570622
Curtice Advani,UK,Fruit & Nut Bars,24-Jun-22,"$10,927 ",0.1906779661016949
Barr Faughny,Canada,50% Dark Bites,19-Jul-22,"$10,185 ",0.4265536723163842
Curtice Advani,USA,Spicy Special Slims,11-Jul-22,"$1,603 ",0.3714689265536723
Brien Boise,India,Almond Choco,13-Jan-22,"$2,170 ",0.3064971751412429
Oby Sorrel,New Zealand,Smooth Sliky Salty,07-Jul-22,"$8,673 ",0.08333333333333333
Jan Morforth,India,85% Dark Bars,25-May-22,"$4,760 ",0.5889830508474576
Marney O'Breen,India,Fruit & Nut Bars,13-Apr-22,"$4,753 ",0.211864406779661
Andria Kimpton,New Zealand,50% Dark Bites,02-Mar-22,"$3,374 ",0.2838983050847458
Gunar Cockshoot,Canada,Raspberry Choco,23-Jun-22,"$2,058 ",0.1765536723163842
Kelci Walkden,USA,Drinking Coco,26-Jul-22,"$6,454 ",0.2245762711864407
Van Tuxwell,Canada,White Choc,22-Mar-22,$420 ,0.002824858757062147
Rafaelita Blaksland,USA,Baker's Choco Chips,09-Jun-22,"$2,863 ",0.08050847457627118
Van Tuxwell,Australia,Caramel Stuffed Bars,17-May-22,"$5,936 ",0.08192090395480225
Ches Bonnell,New Zealand,Peanut Butter Cubes,04-Mar-22,$889 ,0.384180790960452
Kelci Walkden,Canada,Milk Bars,07-Jul-22,"$16,016 ",0.038135593220338986
Dennison Crosswaite,Canada,Choco Coated Almonds,13-Jan-22,"$10,479 ",0.1652542372881356
Curtice Advani,Australia,Almond Choco,13-Jul-22,"$2,912 ",0.10451977401129943
Madelene Upcott,Australia,85% Dark Bars,16-Jun-22,"$1,575 ",0.4632768361581921
Gigi Bohling,UK,50% Dark Bites,18-Jul-22,"$8,197 ",0.096045197740113
Ches Bonnell,UK,Manuka Honey Choco,30-May-22,"$4,221 ",0.556497175141243
Gigi Bohling,UK,70% Dark Bites,21-Jun-22,$840 ,0.11299435028248588
Jehu Rudeforth,Australia,Peanut Butter Cubes,24-Jun-22,"$5,691 ",0.052259887005649715
Marney O'Breen,India,Eclairs,13-Jan-22,"$3,472 ",0.134180790960452
Curtice Advani,Canada,Fruit & Nut Bars,04-Apr-22,"$4,193 ",0.2740112994350282
Kaine Padly,UK,Smooth Sliky Salty,08-Jun-22,"$9,016 ",0.7810734463276836
Karlen McCaffrey,Canada,Spicy Special Slims,02-Aug-22,"$6,328 ",0.06497175141242938
Kelci Walkden,USA,Organic Choco Syrup,21-Jul-22,"$9,870 ",0.2132768361581921
Curtice Advani,India,Spicy Special Slims,20-Jun-22,$161 ,0.18785310734463276
Roddy Speechley,India,After Nines,22-Jun-22,"$2,576 ",0.15677966101694915
Camilla Castle,Australia,Caramel Stuffed Bars,02-May-22,"$3,178 ",0.0211864406779661
Curtice Advani,Australia,99% Dark & Pure,07-Jan-22,"$4,676 ",0.1172316384180791
Mallorie Waber,UK,50% Dark Bites,21-Feb-22,"$5,502 ",0.1384180790960452
Ches Bonnell,Canada,Baker's Choco Chips,21-Mar-22,"$7,462 ",0.5225988700564972
Van Tuxwell,UK,Drinking Coco,04-Apr-22,"$5,803 ",0.1906779661016949
Gunar Cockshoot,Canada,Fruit & Nut Bars,24-Mar-22,"$13,888 ",0.2853107344632768
Gunar Cockshoot,New Zealand,Spicy Special Slims,28-Jun-22,"$6,867 ",0.2570621468926554
Gunar Cockshoot,Australia,Drinking Coco,14-Jan-22,"$2,317 ",0.2740112994350282
Karlen McCaffrey,New Zealand,Fruit & Nut Bars,07-Feb-22,"$1,218 ",0.18926553672316385
Dennison Crosswaite,New Zealand,Drinking Coco,11-Jan-22,"$4,109 ",0.2768361581920904
Jehu Rudeforth,India,99% Dark & Pure,25-Feb-22,"$1,953 ",0.3403954802259887
Dotty Strutley,Australia,Mint Chip Choco,01-Aug-22,"$6,790 ",0.03389830508474576
Roddy Speechley,Australia,Mint Chip Choco,05-May-22,"$6,797 ",0.3545197740112994
Madelene Upcott,New Zealand,Raspberry Choco,18-May-22,"$9,226 ",0.5847457627118644
Dotty Strutley,New Zealand,Choco Coated Almonds,04-Jan-22,"$5,733 ",0.4901129943502825
Roddy Speechley,New Zealand,50% Dark Bites,09-May-22,"$4,312 ",0.2966101694915254
Rafaelita Blaksland,India,Smooth Sliky Salty,06-May-22,"$1,638 ",0.11299435028248588
Husein Augar,UK,White Choc,13-Jan-22,"$10,815 ",0.2033898305084746
Roddy Speechley,Australia,Almond Choco,24-Jun-22,"$4,466 ",0.10310734463276836
Van Tuxwell,USA,Caramel Stuffed Bars,14-Feb-22,$987 ,0.02824858757062147
Camilla Castle,Australia,99% Dark & Pure,18-Jan-22,"$4,669 ",0.14124293785310735
Kaine Padly,India,Milk Bars,02-May-22,"$2,905 ",0.1271186440677966
Ches Bonnell,Australia,Smooth Sliky Salty,16-May-22,"$7,490 ",0.0748587570621469
Mallorie Waber,USA,Almond Choco,28-Jan-22,"$6,986 ",0.518361581920904
Kaine Padly,Canada,99% Dark & Pure,24-Jun-22,"$1,288 ",0.576271186440678
Oby Sorrel,UK,After Nines,18-Jul-22,"$2,345 ",0.14548022598870056
Gunar Cockshoot,UK,Eclairs,13-Apr-22,"$3,619 ",0.23022598870056496
Dotty Strutley,USA,Caramel Stuffed Bars,15-Apr-22,"$16,982 ",0.1059322033898305
Jan Morforth,India,Peanut Butter Cubes,04-Jan-22,"$8,092 ",0.25
Husein Augar,Australia,Eclairs,04-Jul-22,"$6,993 ",0.0423728813559322
Beverie Moffet,USA,Smooth Sliky Salty,24-Mar-22,"$2,317 ",0.4957627118644068
Camilla Castle,Australia,Manuka Honey Choco,17-Mar-22,$637 ,0.23728813559322035
Oby Sorrel,Australia,Almond Choco,15-Feb-22,"$6,034 ",0.3135593220338983
Jan Morforth,USA,Orange Choco,29-Jun-22,$980 ,0.20480225988700565
Gigi Bohling,USA,Fruit & Nut Bars,24-May-22,"$2,821 ",0.15677966101694915
Mallorie Waber,UK,Milk Bars,10-Jan-22,"$3,563 ",0.3997175141242938
Curtice Advani,USA,Raspberry Choco,15-Mar-22,"$2,996 ",0.19491525423728814
Marney O'Breen,Canada,Milk Bars,08-Feb-22,"$2,436 ",0.4350282485875706
Brien Boise,India,Caramel Stuffed Bars,25-Feb-22,"$1,540 ",0.13983050847457626
Gunar Cockshoot,USA,Eclairs,03-May-22,"$6,916 ",0.05790960451977401
Roddy Speechley,USA,Fruit & Nut Bars,14-Jun-22,"$5,509 ",0.03248587570621469
Gunar Cockshoot,India,50% Dark Bites,09-Aug-22,"$12,992 ",0.11581920903954802
Wilone O'Kielt,New Zealand,Manuka Honey Choco,11-Jul-22,"$3,724 ",0.3290960451977401
Kaine Padly,UK,Manuka Honey Choco,14-Jan-22,"$7,133 ",0.1652542372881356
Van Tuxwell,Canada,Manuka Honey Choco,24-Feb-22,"$8,617 ",0.0635593220338983
Wilone O'Kielt,New Zealand,Almond Choco,15-Mar-22,"$9,198 ",0.2019774011299435
Oby Sorrel,New Zealand,Baker's Choco Chips,25-Apr-22,"$11,823 ",0.06497175141242938
Dennison Crosswaite,Australia,Organic Choco Syrup,10-May-22,"$5,775 ",0.05649717514124294
Marney O'Breen,Australia,Spicy Special Slims,23-Jun-22,"$13,125 ",0.3870056497175141
Beverie Moffet,Canada,Smooth Sliky Salty,28-Feb-22,"$14,287 ",0.5211864406779662
Brien Boise,USA,Organic Choco Syrup,25-May-22,"$16,233 ",0.19350282485875706
Roddy Speechley,New Zealand,Baker's Choco Chips,22-Feb-22,"$5,313 ",0.3022598870056497
Van Tuxwell,UK,85% Dark Bars,11-Jul-22,"$3,577 ",0.18785310734463276
Marney O'Breen,Canada,Spicy Special Slims,03-Jan-22,"$3,528 ",0.4731638418079096
Rafaelita Blaksland,New Zealand,70% Dark Bites,24-Aug-22,$679 ,0.3940677966101695
Beverie Moffet,USA,50% Dark Bites,28-Jul-22,"$2,450 ",0.4957627118644068
Brien Boise,USA,Mint Chip Choco,25-May-22,"$10,577 ",0.21045197740112995
Karlen McCaffrey,New Zealand,Eclairs,06-May-22,"$2,597 ",0.24858757062146894
Barr Faughny,India,Drinking Coco,28-Jan-22,"$2,219 ",0.19915254237288135
Marney O'Breen,UK,Orange Choco,06-Jun-22,"$11,319 ",0.015536723163841809
Brien Boise,New Zealand,Baker's Choco Chips,12-Jul-22,"$5,978 ",0.03248587570621469
Ches Bonnell,Canada,Spicy Special Slims,05-Aug-22,"$5,327 ",0.2570621468926554
Brien Boise,USA,Orange Choco,28-Jan-22,"$6,020 ",0.2062146892655367
Kaine Padly,India,Spicy Special Slims,31-Aug-22,"$5,614 ",0.192090395480226
Mallorie Waber,USA,50% Dark Bites,19-Apr-22,"$1,736 ",0.01694915254237288
Mallorie Waber,UK,Mint Chip Choco,29-Jun-22,"$6,384 ",0.0014124293785310734
Beverie Moffet,India,Choco Coated Almonds,24-Feb-22,"$3,577 ",0.3672316384180791
Madelene Upcott,UK,Smooth Sliky Salty,04-Mar-22,"$14,539 ",0.1172316384180791
Gigi Bohling,India,Eclairs,21-Jun-22,"$3,493 ",0.09463276836158192
Rafaelita Blaksland,Australia,Organic Choco Syrup,26-Jan-22,$994 ,0.14689265536723164
Oby Sorrel,New Zealand,White Choc,10-Jun-22,"$4,361 ",0.05508474576271186
Andria Kimpton,UK,Drinking Coco,23-May-22,"$1,554 ",0.0903954802259887
Kelci Walkden,India,Milk Bars,15-Apr-22,$966 ,0.1497175141242938
Karlen McCaffrey,New Zealand,Caramel Stuffed Bars,31-Jan-22,"$5,334 ",0.3192090395480226
Andria Kimpton,New Zealand,Organic Choco Syrup,04-Mar-22,"$4,935 ",0.05367231638418079
Barr Faughny,New Zealand,After Nines,19-Apr-22,"$10,024 ",0.1172316384180791
Beverie Moffet,UK,Almond Choco,16-May-22,"$2,506 ",0.13983050847457626
Oby Sorrel,Australia,Raspberry Choco,17-Feb-22,"$1,043 ",0.16807909604519775
Dennison Crosswaite,USA,Raspberry Choco,18-Jan-22,"$6,524 ",0.3615819209039548
Roddy Speechley,Canada,Orange Choco,09-Feb-22,"$8,148 ",0.11864406779661017
Mallorie Waber,Canada,Orange Choco,23-Mar-22,"$3,577 ",0.25
Madelene Upcott,New Zealand,Caramel Stuffed Bars,01-Feb-22,"$3,374 ",0.211864406779661
Mallorie Waber,India,Drinking Coco,07-Mar-22,"$3,948 ",0.19915254237288135
Ches Bonnell,UK,White Choc,03-Jan-22,"$3,269 ",0.3177966101694915
Ches Bonnell,USA,White Choc,11-Feb-22,"$5,271 ",0.480225988700565
Dennison Crosswaite,New Zealand,Orange Choco,16-Mar-22,"$4,571 ",0.1963276836158192
Dotty Strutley,India,White Choc,15-Aug-22,"$12,327 ",0.4646892655367232
Gigi Bohling,India,Manuka Honey Choco,12-May-22,"$4,935 ",0.1016949152542373
Van Tuxwell,India,Spicy Special Slims,11-Apr-22,"$6,167 ",0.00423728813559322
Jan Morforth,New Zealand,Mint Chip Choco,30-Jun-22,"$18,340 ",0.4011299435028249
Dotty Strutley,New Zealand,White Choc,15-Jun-22,"$7,014 ",0.08333333333333333
Rafaelita Blaksland,Canada,Caramel Stuffed Bars,01-Aug-22,"$7,119 ",0.14124293785310735
Kaine Padly,USA,Milk Bars,15-Jun-22,"$15,491 ",0.08050847457627118
Brien Boise,India,After Nines,16-Jun-22,"$5,747 ",0.062146892655367235
Oby Sorrel,New Zealand,Raspberry Choco,13-May-22,"$4,550 ",0.3954802259887006
Dennison Crosswaite,USA,Drinking Coco,10-May-22,"$2,191 ",0.19350282485875706
Oby Sorrel,India,Eclairs,25-Aug-22,"$5,663 ",0.4533898305084746
Ches Bonnell,New Zealand,Organic Choco Syrup,15-Jul-22,"$7,623 ",0.11864406779661017
Gigi Bohling,UK,Baker's Choco Chips,16-May-22,"$9,023 ",0.576271186440678
Jan Morforth,Australia,50% Dark Bites,14-Jun-22,"$3,402 ",0.2556497175141243
Beverie Moffet,Australia,Smooth Sliky Salty,25-Jan-22,"$10,507 ",0.6581920903954802
Ches Bonnell,USA,Organic Choco Syrup,28-Jul-22,"$7,721 ",0.018361581920903956
Brien Boise,Canada,Mint Chip Choco,28-Jan-22,"$5,033 ",0.25
Kaine Padly,UK,Orange Choco,29-Jun-22,"$1,960 ",0.268361581920904
Karlen McCaffrey,Australia,70% Dark Bites,24-Jun-22,$238 ,0.4463276836158192
Gunar Cockshoot,Canada,Mint Chip Choco,01-Jul-22,"$7,756 ",0.577683615819209
Roddy Speechley,USA,Peanut Butter Cubes,25-Feb-22,"$1,736 ",0.192090395480226
Curtice Advani,Canada,Smooth Sliky Salty,01-Aug-22,"$2,660 ",0.015536723163841809
Oby Sorrel,Australia,Milk Bars,21-Jun-22,"$7,672 ",0.3573446327683616
Camilla Castle,New Zealand,Spicy Special Slims,25-Jan-22,"$11,564 ",0.03248587570621469
Gigi Bohling,UK,Milk Bars,17-May-22,"$1,365 ",0.326271186440678
Andria Kimpton,Australia,85% Dark Bars,23-Aug-22,"$4,186 ",0.327683615819209
Camilla Castle,Australia,Smooth Sliky Salty,03-Mar-22,"$7,406 ",0.1652542372881356
Roddy Speechley,India,Caramel Stuffed Bars,30-May-22,"$8,911 ",0.7655367231638418
Karlen McCaffrey,USA,Drinking Coco,29-Jun-22,$112 ,0.3135593220338983
Andria Kimpton,Canada,Organic Choco Syrup,04-Jan-22,"$8,204 ",0.2867231638418079
Jehu Rudeforth,Australia,Drinking Coco,14-Jan-22,"$2,611 ",0.0903954802259887
Karlen McCaffrey,USA,Mint Chip Choco,15-Feb-22,"$15,652 ",0.07344632768361582
Curtice Advani,New Zealand,Spicy Special Slims,10-Jan-22,"$4,074 ",0.6610169491525424
Madelene Upcott,USA,White Choc,04-May-22,"$12,250 ",0.2994350282485876
Andria Kimpton,USA,Spicy Special Slims,23-May-22,"$2,366 ",0.005649717514124294
Barr Faughny,New Zealand,Fruit & Nut Bars,26-Apr-22,"$1,687 ",0.2062146892655367
Oby Sorrel,Canada,Organic Choco Syrup,05-Jul-22,"$1,232 ",0.10310734463276836
Madelene Upcott,UK,Organic Choco Syrup,21-Jul-22,"$6,965 ",0.2288135593220339
Dotty Strutley,USA,Mint Chip Choco,21-Feb-22,"$5,292 ",0.3488700564971751
Kelci Walkden,USA,Orange Choco,03-Feb-22,"$1,379 ",0.19350282485875706
Gigi Bohling,Australia,Caramel Stuffed Bars,08-Jul-22,"$8,001 ",0.211864406779661
Mallorie Waber,India,50% Dark Bites,31-May-22,$588 ,0.19491525423728814
Van Tuxwell,New Zealand,Mint Chip Choco,27-Jun-22,"$4,046 ",0.1440677966101695
Van Tuxwell,India,50% Dark Bites,13-May-22,"$5,103 ",0.1807909604519774
Van Tuxwell,USA,Manuka Honey Choco,31-May-22,"$2,317 ",0.1426553672316384
Wilone O'Kielt,USA,Orange Choco,28-Feb-22,"$7,042 ",0.05084745762711865
Barr Faughny,New Zealand,Eclairs,28-Mar-22,"$6,713 ",0.0423728813559322
Gigi Bohling,USA,After Nines,14-Jan-22,"$1,848 ",0.3192090395480226
Barr Faughny,New Zealand,Mint Chip Choco,21-Feb-22,"$6,440 ",0.2033898305084746
Dennison Crosswaite,Canada,85% Dark Bars,01-Aug-22,"$10,885 ",0.12570621468926554
Beverie Moffet,New Zealand,Smooth Sliky Salty,19-May-22,"$2,387 ",0.08192090395480225
Husein Augar,USA,White Choc,13-Jul-22,"$2,030 ",0.08333333333333333
Andria Kimpton,Australia,Peanut Butter Cubes,20-Apr-22,"$6,678 ",0.2076271186440678
Dennison Crosswaite,India,85% Dark Bars,30-Jun-22,"$4,515 ",0.029661016949152543
Curtice Advani,UK,50% Dark Bites,08-Mar-22,"$3,374 ",0.19915254237288135
Gunar Cockshoot,USA,Fruit & Nut Bars,09-Mar-22,"$5,852 ",0.12994350282485875
Oby Sorrel,Canada,Raspberry Choco,16-Jun-22,"$1,750 ",0.2923728813559322
Gigi Bohling,UK,Drinking Coco,30-Jun-22,"$5,782 ",0.05790960451977401
Kelci Walkden,India,Mint Chip Choco,28-Jul-22,"$2,870 ",0.16807909604519775
Karlen McCaffrey,Canada,Peanut Butter Cubes,12-Aug-22,"$3,094 ",0.2231638418079096
Barr Faughny,UK,Mint Chip Choco,07-Jul-22,"$3,724 ",0.4449152542372881
Barr Faughny,USA,85% Dark Bars,25-Aug-22,"$12,761 ",0.06497175141242938
Husein Augar,Canada,Eclairs,17-Jan-22,"$3,696 ",0.327683615819209
Jan Morforth,Australia,70% Dark Bites,04-Mar-22,"$5,222 ",0.5409604519774012
Marney O'Breen,New Zealand,Fruit & Nut Bars,25-Aug-22,"$8,939 ",0.00423728813559322
Ches Bonnell,UK,Peanut Butter Cubes,15-Apr-22,"$2,156 ",0.365819209039548
Kaine Padly,USA,Organic Choco Syrup,11-Mar-22,"$2,380 ",0.029661016949152543
Camilla Castle,USA,Raspberry Choco,20-May-22,"$3,339 ",0.02401129943502825
Brien Boise,New Zealand,Manuka Honey Choco,14-Jun-22,"$14,980 ",0.05790960451977401
Jehu Rudeforth,New Zealand,After Nines,14-Apr-22,"$1,512 ",0.1016949152542373
Jehu Rudeforth,USA,Smooth Sliky Salty,07-Jul-22,"$6,657 ",0.21610169491525424
Madelene Upcott,India,Mint Chip Choco,24-Aug-22,"$3,836 ",0.09887005649717515
Jehu Rudeforth,India,Eclairs,24-Feb-22,"$8,771 ",0.17796610169491525
Karlen McCaffrey,Canada,Raspberry Choco,09-May-22,$651 ,0.3149717514124294
Kaine Padly,Australia,70% Dark Bites,08-Feb-22,"$6,706 ",0.3135593220338983
Roddy Speechley,UK,70% Dark Bites,24-Mar-22,"$1,421 ",0.3997175141242938
Rafaelita Blaksland,USA,Drinking Coco,20-Jun-22,"$8,526 ",0.1016949152542373
Mallorie Waber,Canada,Manuka Honey Choco,07-Mar-22,"$1,435 ",0.15677966101694915
Kaine Padly,Australia,Fruit & Nut Bars,20-Jun-22,"$7,434 ",0.11864406779661017
Oby Sorrel,New Zealand,Organic Choco Syrup,17-Feb-22,"$15,316 ",0.3799435028248588
Madelene Upcott,UK,99% Dark & Pure,26-Jan-22,"$10,479 ",0.062146892655367235
Madelene Upcott,Australia,Mint Chip Choco,02-May-22,"$2,751 ",0.21468926553672316
Curtice Advani,Canada,99% Dark & Pure,07-Jul-22,"$12,586 ",0.00847457627118644
Rafaelita Blaksland,Australia,Baker's Choco Chips,22-Aug-22,"$2,786 ",0.07062146892655367
Karlen McCaffrey,Australia,After Nines,11-Aug-22,"$2,303 ",0.09322033898305085
Marney O'Breen,UK,99% Dark & Pure,13-Jan-22,"$8,113 ",0.2725988700564972
Gunar Cockshoot,Australia,50% Dark Bites,02-Mar-22,"$12,271 ",0.16242937853107345
Marney O'Breen,Australia,Choco Coated Almonds,27-Jul-22,"$11,298 ",0.05649717514124294
Kelci Walkden,New Zealand,Drinking Coco,10-Mar-22,"$15,855 ",0.1553672316384181
Beverie Moffet,USA,85% Dark Bars,23-Aug-22,"$12,404 ",0.4703389830508475
Roddy Speechley,USA,Eclairs,25-Apr-22,"$3,990 ",0.2175141242937853
Dennison Crosswaite,UK,Milk Bars,07-Mar-22,"$10,808 ",0.5734463276836158
Wilone O'Kielt,UK,Organic Choco Syrup,12-Jul-22,"$4,858 ",0.07203389830508475
Madelene Upcott,USA,Orange Choco,16-May-22,"$7,742 ",0.19350282485875706
Gunar Cockshoot,India,Smooth Sliky Salty,02-Mar-22,"$3,752 ",0.09745762711864407
Marney O'Breen,New Zealand,85% Dark Bars,30-May-22,"$1,218 ",0.20903954802259886
Marney O'Breen,UK,Manuka Honey Choco,10-Jun-22,"$10,983 ",0.2514124293785311
Brien Boise,USA,99% Dark & Pure,25-Jul-22,"$6,769 ",0.4971751412429379
Beverie Moffet,New Zealand,Mint Chip Choco,09-Jun-22,"$4,361 ",0.13559322033898305
Dennison Crosswaite,USA,Milk Bars,12-May-22,$777 ,0.08333333333333333
Gunar Cockshoot,USA,Drinking Coco,09-May-22,"$3,843 ",0.005649717514124294
Brien Boise,Canada,Manuka Honey Choco,09-Aug-22,"$6,930 ",0.2556497175141243
Van Tuxwell,India,Choco Coated Almonds,13-Apr-22,"$5,733 ",0.1596045197740113
Andria Kimpton,USA,Caramel Stuffed Bars,02-May-22,"$8,393 ",0.0635593220338983
Dotty Strutley,USA,99% Dark & Pure,09-Aug-22,"$3,822 ",0.4505649717514124
Camilla Castle,Australia,Raspberry Choco,23-Aug-22,"$6,342 ",0.25
Gunar Cockshoot,India,Spicy Special Slims,13-May-22,"$6,510 ",0.2387005649717514
Karlen McCaffrey,USA,Manuka Honey Choco,01-Feb-22,"$10,171 ",0.09322033898305085
Camilla Castle,USA,50% Dark Bites,23-Jun-22,"$5,908 ",0.423728813559322
Madelene Upcott,UK,Choco Coated Almonds,24-May-22,"$10,164 ",0.18785310734463276
Jan Morforth,Canada,Mint Chip Choco,01-Apr-22,"$1,064 ",0.2966101694915254
Camilla Castle,Canada,70% Dark Bites,27-Jul-22,"$9,716 ",0.211864406779661
Ches Bonnell,India,Peanut Butter Cubes,27-Jan-22,"$22,050 ",0.2923728813559322
Jan Morforth,India,Choco Coated Almonds,12-Aug-22,"$2,541 ",0.18785310734463276
Gigi Bohling,Canada,Almond Choco,01-Feb-22,"$9,989 ",0.06779661016949153
Rafaelita Blaksland,India,After Nines,02-Mar-22,"$4,739 ",0.2867231638418079
Kelci Walkden,Australia,99% Dark & Pure,30-Jun-22,"$3,185 ",0.046610169491525424
Dotty Strutley,Australia,Spicy Special Slims,17-Jan-22,"$8,225 ",0.1271186440677966
Brien Boise,USA,Milk Bars,07-Jul-22,"$14,301 ",0.18220338983050846
Mallorie Waber,New Zealand,Mint Chip Choco,31-Jan-22,"$1,316 ",0.1497175141242938
Beverie Moffet,UK,99% Dark & Pure,10-Aug-22,"$3,486 ",0.1694915254237288
Beverie Moffet,USA,Peanut Butter Cubes,18-Aug-22,"$13,930 ",0.4774011299435028
Brien Boise,New Zealand,White Choc,15-Jun-22,"$5,509 ",0.4519774011299435
Marney O'Breen,USA,Baker's Choco Chips,26-Jan-22,"$8,470 ",0.011299435028248588
Kelci Walkden,USA,Spicy Special Slims,29-Apr-22,$77 ,0.096045197740113
Mallorie Waber,Canada,White Choc,03-Mar-22,"$3,381 ",0.10028248587570622
Kaine Padly,Australia,Almond Choco,22-Feb-22,"$4,102 ",0.5522598870056498
Oby Sorrel,USA,Smooth Sliky Salty,04-Mar-22,"$3,577 ",0.22175141242937854
Dennison Crosswaite,India,Smooth Sliky Salty,07-Jul-22,"$2,975 ",0.011299435028248588
Camilla Castle,New Zealand,Caramel Stuffed Bars,17-Jun-22,"$4,137 ",0.4887005649717514
Jan Morforth,Canada,Caramel Stuffed Bars,02-Aug-22,"$9,541 ",0.1596045197740113
Oby Sorrel,USA,Baker's Choco Chips,12-Aug-22,"$8,001 ",0.16807909604519775
Madelene Upcott,New Zealand,Peanut Butter Cubes,28-Jan-22,"$5,152 ",0.4689265536723164
Kelci Walkden,Australia,Orange Choco,29-Apr-22,"$11,116 ",0.6087570621468926
Marney O'Breen,Australia,Manuka Honey Choco,05-Apr-22,"$13,076 ",0.3319209039548023
Kaine Padly,Canada,Manuka Honey Choco,18-Jan-22,"$10,213 ",0.18926553672316385
Jehu Rudeforth,UK,Baker's Choco Chips,16-May-22,"$2,485 ",0.13559322033898305
Kelci Walkden,Australia,White Choc,24-Aug-22,"$8,715 ",0.23587570621468926
Curtice Advani,India,85% Dark Bars,18-Jan-22,$273 ,0.5663841807909604
Kaine Padly,USA,Eclairs,22-Aug-22,"$7,623 ",0.012711864406779662
Gunar Cockshoot,UK,99% Dark & Pure,07-Mar-22,$7 ,0.1172316384180791
Beverie Moffet,UK,Choco Coated Almonds,04-Mar-22,"$3,010 ",0.096045197740113
Dotty Strutley,Canada,Manuka Honey Choco,22-Apr-22,"$11,550 ",0.1553672316384181
Kaine Padly,Australia,Milk Bars,09-Jun-22,"$4,046 ",0.12429378531073447
Jan Morforth,Canada,Fruit & Nut Bars,25-Jul-22,"$8,904 ",0.2796610169491525
Jan Morforth,India,Smooth Sliky Salty,03-Aug-22,"$11,298 ",0.12429378531073447
Rafaelita Blaksland,Australia,Manuka Honey Choco,03-Aug-22,"$4,396 ",0.18361581920903955
Jehu Rudeforth,UK,Milk Bars,03-May-22,"$12,068 ",0.3192090395480226
Husein Augar,Canada,After Nines,19-Jan-22,"$9,772 ",0.423728813559322
Roddy Speechley,USA,50% Dark Bites,11-Feb-22,"$10,458 ",0.4449152542372881
Van Tuxwell,India,Almond Choco,14-Jun-22,"$6,426 ",0.5494350282485876
Kelci Walkden,USA,50% Dark Bites,23-Mar-22,"$6,188 ",0.3135593220338983
Madelene Upcott,Canada,85% Dark Bars,17-Feb-22,"$7,504 ",0.14124293785310735
Dennison Crosswaite,Canada,Smooth Sliky Salty,17-Mar-22,"$1,750 ",0.6751412429378532
Mallorie Waber,Australia,Spicy Special Slims,29-Jun-22,"$5,439 ",0.403954802259887
Ches Bonnell,Canada,Choco Coated Almonds,24-Aug-22,"$15,547 ",0.3785310734463277
Gigi Bohling,Canada,Spicy Special Slims,04-Jul-22,"$11,956 ",0.3898305084745763
Roddy Speechley,New Zealand,Almond Choco,28-Mar-22,"$2,723 ",0.09322033898305085
Curtice Advani,India,Smooth Sliky Salty,19-Apr-22,"$19,327 ",0.18926553672316385
Ches Bonnell,New Zealand,Mint Chip Choco,18-Jan-22,"$9,058 ",0.3220338983050847
Van Tuxwell,New Zealand,Fruit & Nut Bars,17-Jan-22,"$2,996 ",0.1228813559322034
Andria Kimpton,New Zealand,Mint Chip Choco,15-Feb-22,"$8,848 ",0.2966101694915254
Andria Kimpton,UK,Milk Bars,11-Feb-22,"$14,336 ",0.4124293785310734
Camilla Castle,USA,Manuka Honey Choco,21-Mar-22,"$16,401 ",0.2514124293785311
Gunar Cockshoot,New Zealand,Almond Choco,05-Jan-22,"$5,173 ",0.1807909604519774
Brien Boise,India,Raspberry Choco,30-May-22,"$6,328 ",0.23022598870056496
Jehu Rudeforth,USA,99% Dark & Pure,04-Jan-22,"$2,534 ",0.307909604519774
Beverie Moffet,Australia,Fruit & Nut Bars,22-Apr-22,"$1,435 ",0.3629943502824859
Gigi Bohling,Canada,Milk Bars,10-Feb-22,"$3,052 ",0.16242937853107345
Dotty Strutley,India,Spicy Special Slims,12-Aug-22,$910 ,0.2867231638418079
Gunar Cockshoot,USA,Organic Choco Syrup,10-Aug-22,"$2,331 ",0.4519774011299435
Kelci Walkden,Australia,Raspberry Choco,07-Jun-22,$679 ,0.07768361581920905
Jehu Rudeforth,India,Baker's Choco Chips,06-Jun-22,"$2,086 ",0.10310734463276836
Karlen McCaffrey,New Zealand,Baker's Choco Chips,05-Apr-22,"$5,012 ",0.2655367231638418
Wilone O'Kielt,USA,50% Dark Bites,18-Apr-22,"$4,501 ",0.18361581920903955
Andria Kimpton,India,50% Dark Bites,31-Jan-22,"$13,482 ",0.01977401129943503
Madelene Upcott,USA,Baker's Choco Chips,22-Aug-22,"$5,621 ",0.1963276836158192
Jehu Rudeforth,Australia,99% Dark & Pure,25-Feb-22,"$10,486 ",0.2782485875706215
Jan Morforth,Australia,Mint Chip Choco,22-Feb-22,"$17,626 ",0.1440677966101695
Oby Sorrel,New Zealand,Milk Bars,12-Jan-22,"$4,494 ",0.2627118644067797
Brien Boise,UK,Almond Choco,25-May-22,$105 ,0.1751412429378531
Kelci Walkden,India,Smooth Sliky Salty,01-Feb-22,"$2,464 ",0.009887005649717515
Rafaelita Blaksland,UK,Eclairs,27-Apr-22,"$1,379 ",0.09745762711864407
Gigi Bohling,USA,Smooth Sliky Salty,22-Jul-22,"$2,583 ",0.1765536723163842
Curtice Advani,New Zealand,Mint Chip Choco,26-Jan-22,"$3,220 ",0.3728813559322034
Curtice Advani,USA,Mint Chip Choco,24-Aug-22,"$4,802 ",0.4166666666666667
Madelene Upcott,New Zealand,Fruit & Nut Bars,18-Jan-22,"$5,677 ",0.02824858757062147
Karlen McCaffrey,India,85% Dark Bars,30-Mar-22,$945 ,0.11581920903954802
Ches Bonnell,Australia,Caramel Stuffed Bars,17-Jan-22,"$8,757 ",0.2274011299435028
Kelci Walkden,USA,Fruit & Nut Bars,17-Feb-22,"$4,816 ",0.2033898305084746
Kelci Walkden,Canada,Peanut Butter Cubes,08-Apr-22,"$7,532 ",0.06073446327683616
Gigi Bohling,Canada,Drinking Coco,06-Jul-22,"$3,549 ",0.11440677966101695
Husein Augar,India,Fruit & Nut Bars,04-Apr-22,"$4,340 ",0.3177966101694915
Jan Morforth,New Zealand,Organic Choco Syrup,02-Mar-22,"$1,799 ",0.2909604519774011
Gigi Bohling,New Zealand,Raspberry Choco,09-Aug-22,"$1,127 ",0.24717514124293785
Dennison Crosswaite,Australia,Milk Bars,09-Jun-22,"$10,038 ",0.4025423728813559
Ches Bonnell,UK,Caramel Stuffed Bars,02-Jun-22,"$2,926 ",0.422316384180791
Van Tuxwell,USA,Fruit & Nut Bars,05-Jul-22,"$6,279 ",0.3305084745762712
Andria Kimpton,Canada,Eclairs,11-Aug-22,$308 ,0.1751412429378531
Madelene Upcott,India,Choco Coated Almonds,11-Feb-22,"$3,500 ",0.2033898305084746
Kelci Walkden,New Zealand,Spicy Special Slims,11-Aug-22,$658 ,0.0903954802259887
Roddy Speechley,Australia,Drinking Coco,12-May-22,"$12,565 ",0.1426553672316384
Wilone O'Kielt,USA,Milk Bars,15-Jul-22,"$5,012 ",0.12994350282485875
Andria Kimpton,India,Organic Choco Syrup,18-Jan-22,"$3,955 ",0.18785310734463276
Madelene Upcott,UK,Fruit & Nut Bars,05-Jan-22,"$8,512 ",0.2655367231638418
Curtice Advani,Australia,50% Dark Bites,29-Jun-22,$504 ,0.326271186440678
Brien Boise,Canada,Raspberry Choco,14-Jun-22,"$2,800 ",0.062146892655367235
Gunar Cockshoot,India,Mint Chip Choco,08-Aug-22,"$4,256 ",0.09322033898305085
Dennison Crosswaite,India,Mint Chip Choco,23-Mar-22,"$13,573 ",0.19350282485875706
Barr Faughny,India,Caramel Stuffed Bars,04-Jan-22,"$6,566 ",0.1384180790960452
Brien Boise,India,Milk Bars,22-Feb-22,"$13,503 ",0.3531073446327684
Beverie Moffet,UK,Spicy Special Slims,17-Feb-22,"$8,680 ",0.3545197740112994
Barr Faughny,USA,Almond Choco,03-Feb-22,$385 ,0.10875706214689265
Van Tuxwell,Canada,Raspberry Choco,17-Mar-22,"$1,267 ",0.18220338983050846
Wilone O'Kielt,Australia,Baker's Choco Chips,25-Jan-22,"$2,961 ",0.21610169491525424
Brien Boise,Australia,Milk Bars,27-Jul-22,"$1,981 ",0.07203389830508475
Husein Augar,Australia,Fruit & Nut Bars,28-Jan-22,"$7,959 ",0.07344632768361582
Madelene Upcott,Australia,Organic Choco Syrup,05-Jul-22,"$10,794 ",0.0692090395480226
Van Tuxwell,India,White Choc,15-Mar-22,"$1,897 ",0.06073446327683616
Gunar Cockshoot,Canada,After Nines,04-Aug-22,"$2,744 ",0.2810734463276836
Jan Morforth,USA,Fruit & Nut Bars,27-Jun-22,"$4,382 ",0.5084745762711864
Jan Morforth,Canada,After Nines,13-Jul-22,"$4,515 ",0.24152542372881355
Barr Faughny,New Zealand,Manuka Honey Choco,24-Feb-22,"$5,474 ",0.3361581920903955
Karlen McCaffrey,New Zealand,85% Dark Bars,28-Jun-22,"$6,069 ",0.07627118644067797
Oby Sorrel,Australia,85% Dark Bars,30-Jun-22,"$6,944 ",0.03672316384180791
Curtice Advani,Canada,Choco Coated Almonds,18-Aug-22,"$5,859 ",0.00847457627118644
Kaine Padly,India,70% Dark Bites,24-Jan-22,"$12,173 ",0.423728813559322
Beverie Moffet,USA,White Choc,11-Mar-22,"$5,292 ",0.18785310734463276
Ches Bonnell,New Zealand,After Nines,23-Jun-22,"$5,705 ",0.4929378531073446
Husein Augar,India,Spicy Special Slims,22-Aug-22,"$2,492 ",0.04519774011299435
Gunar Cockshoot,Canada,50% Dark Bites,04-Jan-22,"$3,024 ",0.031073446327683617
Curtice Advani,India,Milk Bars,05-Apr-22,"$3,437 ",0.2824858757062147
Beverie Moffet,India,Milk Bars,15-Apr-22,"$1,869 ",0.4548022598870056
Husein Augar,Australia,White Choc,11-May-22,"$3,171 ",0.3093220338983051
Andria Kimpton,Canada,Manuka Honey Choco,21-Jul-22,"$4,858 ",0.6878531073446328
Jan Morforth,New Zealand,Orange Choco,11-Feb-22,"$1,225 ",0.1172316384180791
Andria Kimpton,Canada,Smooth Sliky Salty,08-Jul-22,"$1,155 ",0.11016949152542373
Gunar Cockshoot,UK,Raspberry Choco,11-Aug-22,"$6,811 ",0.4844632768361582
Husein Augar,New Zealand,After Nines,04-Aug-22,"$6,433 ",0.00847457627118644
Andria Kimpton,New Zealand,Orange Choco,14-Jun-22,"$8,169 ",0.1228813559322034
Dennison Crosswaite,UK,Baker's Choco Chips,17-Jan-22,"$2,275 ",0.3870056497175141
Jehu Rudeforth,Canada,Orange Choco,23-Jun-22,"$3,857 ",0.7217514124293786
Jehu Rudeforth,UK,Smooth Sliky Salty,24-Aug-22,"$1,463 ",0.15819209039548024
Andria Kimpton,UK,Caramel Stuffed Bars,07-Jun-22,"$7,924 ",0.3870056497175141
Jan Morforth,UK,White Choc,22-Jun-22,"$8,799 ",0.06497175141242938
Dotty Strutley,USA,Fruit & Nut Bars,13-Jul-22,"$2,898 ",0.3884180790960452
Kelci Walkden,UK,Choco Coated Almonds,24-May-22,"$9,506 ",0.2980225988700565
Gunar Cockshoot,New Zealand,After Nines,09-Aug-22,"$7,175 ",0.2033898305084746
Kaine Padly,Canada,85% Dark Bars,06-Apr-22,"$1,729 ",0.0423728813559322
Jan Morforth,New Zealand,Manuka Honey Choco,28-Jul-22,"$1,589 ",0.3813559322033898
Gunar Cockshoot,New Zealand,Raspberry Choco,24-Aug-22,$630 ,0.07203389830508475
Van Tuxwell,Australia,99% Dark & Pure,17-Jan-22,$112 ,0.17937853107344634
Curtice Advani,USA,Drinking Coco,07-Feb-22,"$5,187 ",0.19915254237288135
Brien Boise,Australia,Spicy Special Slims,09-May-22,"$6,223 ",0.3601694915254237
Mallorie Waber,New Zealand,85% Dark Bars,06-Jun-22,"$7,714 ",0.1483050847457627
Wilone O'Kielt,USA,Choco Coated Almonds,06-Jun-22,"$9,457 ",0.007062146892655367
Beverie Moffet,New Zealand,Organic Choco Syrup,24-May-22,"$6,678 ",0.3177966101694915
Gunar Cockshoot,UK,50% Dark Bites,13-Jan-22,"$2,107 ",0.1694915254237288
Marney O'Breen,USA,Raspberry Choco,23-May-22,"$6,069 ",0.211864406779661
Jehu Rudeforth,UK,White Choc,29-Jun-22,"$1,862 ",0.3997175141242938
Jehu Rudeforth,New Zealand,85% Dark Bars,11-Mar-22,"$6,972 ",0.12429378531073447
Dotty Strutley,USA,85% Dark Bars,25-Apr-22,"$10,220 ",0.7161016949152542
Rafaelita Blaksland,Australia,Smooth Sliky Salty,30-May-22,"$3,969 ",0.3418079096045198
Curtice Advani,India,Manuka Honey Choco,23-May-22,"$1,547 ",0.2387005649717514
Mallorie Waber,USA,Peanut Butter Cubes,23-May-22,"$1,162 ",0.02401129943502825
Van Tuxwell,Canada,Peanut Butter Cubes,24-Jun-22,"$6,342 ",0.3968926553672316
Kelci Walkden,New Zealand,Smooth Sliky Salty,11-Mar-22,"$10,633 ",0.3898305084745763
Rafaelita Blaksland,USA,Smooth Sliky Salty,27-Jul-22,"$15,057 ",0.2980225988700565
Rafaelita Blaksland,USA,White Choc,16-Aug-22,"$4,704 ",0.1765536723163842
Roddy Speechley,Canada,Smooth Sliky Salty,07-Mar-22,"$9,338 ",0.014124293785310734
Curtice Advani,New Zealand,After Nines,05-Apr-22,"$7,959 ",0.04096045197740113
Camilla Castle,India,85% Dark Bars,04-May-22,"$9,023 ",0.07062146892655367
Ches Bonnell,USA,Choco Coated Almonds,04-Jan-22,"$14,525 ",0.1285310734463277
Marney O'Breen,Australia,Baker's Choco Chips,13-Jan-22,"$5,810 ",0.14124293785310735
Wilone O'Kielt,New Zealand,Fruit & Nut Bars,11-Jul-22,"$6,426 ",0.1370056497175141
Kaine Padly,Australia,Mint Chip Choco,17-May-22,"$4,403 ",0.2231638418079096
Camilla Castle,New Zealand,Peanut Butter Cubes,21-Jul-22,"$1,582 ",0.08615819209039548
Curtice Advani,Canada,Organic Choco Syrup,22-Feb-22,$791 ,0.029661016949152543
Jan Morforth,India,99% Dark & Pure,23-May-22,"$9,100 ",0.2627118644067797
Rafaelita Blaksland,Canada,Drinking Coco,12-Jul-22,"$9,884 ",0.2810734463276836
Jan Morforth,UK,Orange Choco,15-Jun-22,"$3,780 ",0.2824858757062147
Barr Faughny,New Zealand,50% Dark Bites,23-Jun-22,"$4,557 ",0.4336158192090395
Curtice Advani,Australia,Eclairs,25-Mar-22,"$5,796 ",0.07627118644067797
Jan Morforth,India,Caramel Stuffed Bars,04-Jul-22,$84 ,0.21468926553672316
Andria Kimpton,UK,White Choc,12-May-22,"$9,037 ",0.14124293785310735
Camilla Castle,New Zealand,Raspberry Choco,04-Apr-22,"$4,746 ",0.192090395480226
Madelene Upcott,Australia,Orange Choco,15-Apr-22,"$6,713 ",0.5607344632768362
Roddy Speechley,Canada,Eclairs,08-Mar-22,"$6,237 ",0.1228813559322034
Karlen McCaffrey,India,White Choc,17-Jan-22,"$7,483 ",0.326271186440678
Wilone O'Kielt,India,Mint Chip Choco,22-Aug-22,"$1,309 ",0.07062146892655367
Andria Kimpton,UK,99% Dark & Pure,25-Jul-22,"$1,155 ",0.09180790960451977
Marney O'Breen,UK,50% Dark Bites,14-Jun-22,"$2,989 ",0.17372881355932204
Ches Bonnell,India,Choco Coated Almonds,05-Apr-22,"$9,625 ",0.10875706214689265
Madelene Upcott,UK,Raspberry Choco,26-Aug-22,"$7,357 ",0.480225988700565
Wilone O'Kielt,Australia,50% Dark Bites,03-Aug-22,"$10,031 ",0.1596045197740113
Gigi Bohling,Canada,White Choc,11-Jul-22,"$6,587 ",0.00423728813559322
Wilone O'Kielt,New Zealand,Eclairs,11-Mar-22,"$3,311 ",0.029661016949152543
Brien Boise,UK,Peanut Butter Cubes,10-Jan-22,"$15,330 ",0.04096045197740113
Roddy Speechley,UK,Baker's Choco Chips,04-Apr-22,"$14,028 ",0.4943502824858757
Karlen McCaffrey,Australia,50% Dark Bites,17-Jan-22,"$6,678 ",0.998587570621469
Marney O'Breen,New Zealand,Organic Choco Syrup,08-Jul-22,"$8,624 ",0.0692090395480226
Jan Morforth,UK,Organic Choco Syrup,12-Apr-22,"$1,197 ",0.501412429378531
Rafaelita Blaksland,Canada,Fruit & Nut Bars,24-Aug-22,$483 ,0.2598870056497175
Ches Bonnell,UK,Choco Coated Almonds,07-Jun-22,"$1,687 ",0.3319209039548023
Gunar Cockshoot,Canada,Almond Choco,28-Jul-22,"$1,309 ",0.04096045197740113
Husein Augar,USA,99% Dark & Pure,21-Feb-22,"$9,534 ",0.1553672316384181
Dennison Crosswaite,Canada,Mint Chip Choco,08-Apr-22,"$1,694 ",0.4067796610169492
Brien Boise,UK,Manuka Honey Choco,28-Jun-22,$70 ,0.1440677966101695
Van Tuxwell,UK,Baker's Choco Chips,24-Mar-22,"$2,443 ",0.026836158192090395
Barr Faughny,Australia,Caramel Stuffed Bars,29-Jul-22,"$2,933 ",0.07627118644067797
Dennison Crosswaite,USA,Eclairs,25-May-22,"$2,044 ",0.12570621468926554
Gigi Bohling,Australia,Raspberry Choco,30-Mar-22,"$6,524 ",0.4265536723163842
Dennison Crosswaite,USA,Organic Choco Syrup,18-Jul-22,"$12,656 ",0.1765536723163842
Beverie Moffet,Canada,Orange Choco,10-May-22,"$8,722 ",0.15254237288135594
Mallorie Waber,Australia,Choco Coated Almonds,18-Mar-22,"$15,750 ",0.1285310734463277
Ches Bonnell,India,Caramel Stuffed Bars,15-Jun-22,"$6,839 ",0.07768361581920905
Van Tuxwell,Canada,50% Dark Bites,12-May-22,"$13,685 ",0.08050847457627118
Kelci Walkden,New Zealand,Baker's Choco Chips,23-Jun-22,"$2,912 ",0.153954802259887
Beverie Moffet,India,Spicy Special Slims,21-Apr-22,"$3,339 ",0.2401129943502825
Gigi Bohling,Australia,Almond Choco,17-Aug-22,$910 ,0.1638418079096045
Rafaelita Blaksland,New Zealand,Eclairs,07-Feb-22,"$19,481 ",0.07062146892655367
Kelci Walkden,Canada,Smooth Sliky Salty,17-Mar-22,"$8,099 ",0.1652542372881356
Jan Morforth,India,Baker's Choco Chips,01-Aug-22,"$13,727 ",0.11016949152542373
Jehu Rudeforth,Australia,Milk Bars,18-Mar-22,"$8,659 ",0.03954802259887006
Gigi Bohling,Canada,Fruit & Nut Bars,14-Jun-22,"$5,782 ",0.1440677966101695
Beverie Moffet,UK,Eclairs,22-Apr-22,"$8,463 ",0.2175141242937853
Marney O'Breen,New Zealand,Eclairs,18-Jan-22,"$4,914 ",0.0423728813559322
Husein Augar,Australia,99% Dark & Pure,26-Aug-22,"$3,087 ",0.17937853107344634
Gunar Cockshoot,New Zealand,Fruit & Nut Bars,10-Jun-22,"$9,205 ",0.5903954802259888
Curtice Advani,Canada,70% Dark Bites,31-Jan-22,"$2,303 ",0.00847457627118644
Kelci Walkden,New Zealand,Manuka Honey Choco,08-Apr-22,"$1,358 ",0.1483050847457627
Dotty Strutley,Australia,Baker's Choco Chips,07-Jun-22,"$3,605 ",0.09463276836158192
Barr Faughny,Australia,85% Dark Bars,10-Feb-22,"$8,498 ",0.06073446327683616
Beverie Moffet,Australia,50% Dark Bites,16-May-22,$700 ,0.6440677966101694
Gunar Cockshoot,India,Baker's Choco Chips,18-Mar-22,"$2,191 ",0.7387005649717514
Van Tuxwell,Australia,50% Dark Bites,13-Jul-22,$644 ,0.192090395480226
Oby Sorrel,USA,Manuka Honey Choco,25-Jul-22,"$4,340 ",0.12005649717514125
Van Tuxwell,Canada,Choco Coated Almonds,19-Aug-22,"$2,282 ",0.4166666666666667
Karlen McCaffrey,Canada,70% Dark Bites,24-Jun-22,"$7,714 ",0.8418079096045198
Kelci Walkden,Canada,Fruit & Nut Bars,20-Jun-22,$826 ,0.20903954802259886
Camilla Castle,India,99% Dark & Pure,02-Aug-22,$203 ,0.2909604519774011
Madelene Upcott,New Zealand,70% Dark Bites,22-Feb-22,"$13,356 ",0.12994350282485875
Mallorie Waber,New Zealand,Orange Choco,01-Feb-22,"$6,510 ",0.031073446327683617
Jan Morforth,Canada,70% Dark Bites,14-Feb-22,"$5,894 ",0.4293785310734463
Kelci Walkden,Australia,Milk Bars,24-Feb-22,"$7,910 ",0.1751412429378531
Dennison Crosswaite,India,Orange Choco,18-Mar-22,$784 ,0.1807909604519774
Husein Augar,UK,Eclairs,30-Aug-22,"$1,750 ",0.3545197740112994
Gigi Bohling,USA,Peanut Butter Cubes,09-May-22,$280 ,0.10451977401129943
Wilone O'Kielt,USA,Smooth Sliky Salty,18-Jan-22,$504 ,0.12146892655367232
Curtice Advani,India,White Choc,04-Jul-22,"$7,154 ",0.481638418079096
Oby Sorrel,New Zealand,Spicy Special Slims,03-Jun-22,"$1,617 ",0.01694915254237288
Beverie Moffet,New Zealand,Peanut Butter Cubes,23-Feb-22,"$10,822 ",0.04096045197740113
Dotty Strutley,New Zealand,99% Dark & Pure,09-May-22,"$10,724 ",0.2853107344632768
Kelci Walkden,India,70% Dark Bites,06-Jun-22,"$3,640 ",0.1483050847457627
Kelci Walkden,India,Drinking Coco,04-Jul-22,"$7,532 ",0.3290960451977401
Brien Boise,New Zealand,Drinking Coco,06-Jun-22,"$1,582 ",0.13983050847457626
Dotty Strutley,Australia,Almond Choco,13-May-22,"$1,456 ",0.1271186440677966
Wilone O'Kielt,New Zealand,Organic Choco Syrup,31-Jan-22,"$2,016 ",0.3898305084745763
Ches Bonnell,New Zealand,Caramel Stuffed Bars,30-Jun-22,"$7,588 ",0.05790960451977401
Barr Faughny,Canada,Manuka Honey Choco,25-Aug-22,"$3,402 ",0.3502824858757062
Gigi Bohling,New Zealand,Smooth Sliky Salty,10-Jan-22,$700 ,0.13559322033898305
Brien Boise,USA,Manuka Honey Choco,22-Aug-22,"$1,904 ",0.009887005649717515
Roddy Speechley,New Zealand,85% Dark Bars,14-Apr-22,"$4,844 ",0.3870056497175141
Oby Sorrel,UK,Smooth Sliky Salty,31-May-22,"$9,625 ",0.4406779661016949
Oby Sorrel,UK,Raspberry Choco,08-Apr-22,"$4,599 ",0.4548022598870056
Roddy Speechley,USA,Drinking Coco,21-Feb-22,"$3,003 ",0.2175141242937853
Andria Kimpton,Australia,Manuka Honey Choco,30-Mar-22,"$9,744 ",0.5310734463276836
Mallorie Waber,India,Raspberry Choco,02-Mar-22,"$1,400 ",0.0014124293785310734
Jehu Rudeforth,USA,Orange Choco,28-Jul-22,$364 ,0.2387005649717514
Kaine Padly,New Zealand,70% Dark Bites,24-Mar-22,"$7,231 ",0.052259887005649715
Curtice Advani,Australia,After Nines,11-Aug-22,$63 ,0.14689265536723164
Husein Augar,UK,Almond Choco,17-May-22,"$8,309 ",0.2330508474576271
Kaine Padly,Canada,Choco Coated Almonds,18-May-22,"$3,164 ",0.23022598870056496
Roddy Speechley,UK,Peanut Butter Cubes,17-Aug-22,"$5,691 ",0.2401129943502825
Ches Bonnell,New Zealand,Eclairs,04-Apr-22,$490 ,0.06779661016949153
Brien Boise,India,85% Dark Bars,09-Aug-22,"$18,032 ",0.288135593220339
Brien Boise,New Zealand,Organic Choco Syrup,17-Jan-22,$637 ,0.4406779661016949
Andria Kimpton,Canada,White Choc,14-Feb-22,"$4,067 ",0.03954802259887006
Gigi Bohling,New Zealand,Orange Choco,16-May-22,"$8,204 ",0.4322033898305085
Ches Bonnell,Canada,Smooth Sliky Salty,16-Mar-22,"$9,870 ",0.1694915254237288
Husein Augar,Canada,70% Dark Bites,31-Jan-22,"$5,131 ",0.4011299435028249
Barr Faughny,Canada,Organic Choco Syrup,10-Mar-22,"$1,141 ",0.288135593220339
Oby Sorrel,UK,Organic Choco Syrup,30-Jun-22,"$7,980 ",0.22033898305084745
Van Tuxwell,New Zealand,Eclairs,01-Mar-22,"$5,229 ",0.2556497175141243
Mallorie Waber,UK,Drinking Coco,27-May-22,"$3,423 ",0.13983050847457626
Oby Sorrel,UK,Milk Bars,11-Jul-22,"$6,468 ",0.3135593220338983
Karlen McCaffrey,New Zealand,Mint Chip Choco,02-Mar-22,"$4,326 ",0.0847457627118644
Jehu Rudeforth,USA,Raspberry Choco,04-Mar-22,"$7,154 ",0.1864406779661017
Kelci Walkden,UK,85% Dark Bars,23-Jun-22,"$3,997 ",0.3206214689265537
Kelci Walkden,USA,Almond Choco,27-Jan-22,"$5,180 ",0.327683615819209
Marney O'Breen,Canada,Orange Choco,14-Jan-22,"$2,723 ",0.5988700564971752
Dennison Crosswaite,India,Fruit & Nut Bars,29-Jul-22,$952 ,0.03248587570621469
Brien Boise,Canada,Smooth Sliky Salty,13-May-22,"$5,691 ",0.6977401129943502
Barr Faughny,Canada,Baker's Choco Chips,03-Feb-22,"$10,969 ",0.2387005649717514
Brien Boise,India,Smooth Sliky Salty,27-May-22,"$5,964 ",0.03531073446327684
Jan Morforth,Australia,Drinking Coco,18-Feb-22,"$2,821 ",0.03248587570621469
Brien Boise,India,Spicy Special Slims,28-Jan-22,"$1,302 ",0.04519774011299435
Van Tuxwell,UK,Eclairs,29-Jun-22,"$5,474 ",0.15254237288135594
Wilone O'Kielt,India,Caramel Stuffed Bars,13-Jan-22,"$4,179 ",0.3884180790960452
Jehu Rudeforth,UK,After Nines,27-Jun-22,"$1,946 ",0.23022598870056496
Barr Faughny,Canada,White Choc,29-Mar-22,"$4,291 ",0.0
Gunar Cockshoot,India,Organic Choco Syrup,03-Jun-22,"$7,196 ",0.2245762711864407
Mallorie Waber,Canada,Smooth Sliky Salty,21-Mar-22,"$1,939 ",0.1370056497175141
Mallorie Waber,India,Eclairs,12-Apr-22,"$10,437 ",0.0635593220338983
Rafaelita Blaksland,Australia,Raspberry Choco,19-Jan-22,"$6,916 ",0.3644067796610169
Karlen McCaffrey,UK,50% Dark Bites,06-Apr-22,"$3,647 ",0.4364406779661017
Kaine Padly,Australia,50% Dark Bites,02-Aug-22,"$8,995 ",0.10875706214689265
Gigi Bohling,Australia,Eclairs,12-Apr-22,"$7,252 ",0.1906779661016949
Oby Sorrel,India,Drinking Coco,21-Jul-22,"$16,380 ",0.18220338983050846
Van Tuxwell,New Zealand,Baker's Choco Chips,22-Mar-22,"$9,660 ",0.03248587570621469
Husein Augar,India,Peanut Butter Cubes,09-May-22,"$4,522 ",0.005649717514124294
Andria Kimpton,Australia,Baker's Choco Chips,09-Aug-22,$329 ,0.15254237288135594
Madelene Upcott,Canada,Choco Coated Almonds,20-Jul-22,"$3,458 ",0.4138418079096045
Brien Boise,India,70% Dark Bites,14-Apr-22,"$4,641 ",0.5819209039548022
Jehu Rudeforth,Canada,White Choc,25-Jan-22,"$4,627 ",0.1906779661016949
Andria Kimpton,Australia,Almond Choco,25-Apr-22,"$3,192 ",0.2457627118644068
Dotty Strutley,Canada,After Nines,17-Jan-22,$252 ,0.3333333333333333
Karlen McCaffrey,USA,Eclairs,15-Aug-22,$868 ,0.1751412429378531
Karlen McCaffrey,Canada,Fruit & Nut Bars,02-Jun-22,$210 ,0.0211864406779661
Gunar Cockshoot,USA,85% Dark Bars,30-Jun-22,"$7,007 ",0.18926553672316385
Dotty Strutley,New Zealand,Raspberry Choco,10-Feb-22,"$5,845 ",0.1271186440677966
Marney O'Breen,Canada,Caramel Stuffed Bars,23-Feb-22,"$1,372 ",0.865819209039548
Dennison Crosswaite,India,Organic Choco Syrup,27-Jan-22,"$8,428 ",0.3036723163841808
Camilla Castle,UK,Mint Chip Choco,26-May-22,"$4,977 ",0.4463276836158192
Brien Boise,USA,70% Dark Bites,14-Apr-22,"$1,694 ",0.02824858757062147
Madelene Upcott,Australia,99% Dark & Pure,01-Aug-22,"$4,326 ",0.21610169491525424
Mallorie Waber,Australia,Eclairs,22-Aug-22,"$9,527 ",0.3121468926553672
Marney O'Breen,India,99% Dark & Pure,22-Jul-22,"$10,766 ",0.22033898305084745
Husein Augar,USA,Fruit & Nut Bars,28-Apr-22,"$1,288 ",0.03672316384180791
Kelci Walkden,Australia,Almond Choco,30-May-22,"$4,879 ",0.4929378531073446
Ches Bonnell,USA,Milk Bars,21-Jul-22,"$2,408 ",0.22033898305084745
Jan Morforth,UK,Caramel Stuffed Bars,02-Aug-22,"$3,094 ",0.6596045197740112
Brien Boise,New Zealand,70% Dark Bites,15-Jun-22,"$7,231 ",0.18220338983050846
Oby Sorrel,India,85% Dark Bars,05-Jul-22,"$8,981 ",0.18220338983050846
Kaine Padly,New Zealand,Smooth Sliky Salty,12-Apr-22,$7 ,0.730225988700565
Gigi Bohling,Australia,70% Dark Bites,18-Aug-22,"$1,372 ",0.14689265536723164
Jan Morforth,UK,50% Dark Bites,12-Jan-22,"$5,250 ",0.4124293785310734
Gunar Cockshoot,Canada,White Choc,11-Aug-22,"$7,560 ",0.01977401129943503
Jehu Rudeforth,Australia,Spicy Special Slims,13-Jan-22,"$5,012 ",0.5409604519774012
Husein Augar,UK,Baker's Choco Chips,29-Apr-22,"$3,038 ",0.18926553672316385
Rafaelita Blaksland,New Zealand,After Nines,07-Jul-22,"$1,099 ",0.1285310734463277
Madelene Upcott,New Zealand,Mint Chip Choco,11-Mar-22,"$7,413 ",0.00423728813559322
Madelene Upcott,UK,70% Dark Bites,16-Feb-22,"$5,397 ",0.3361581920903955
Barr Faughny,Australia,Organic Choco Syrup,07-Jan-22,"$2,303 ",0.04519774011299435
Beverie Moffet,New Zealand,Drinking Coco,12-Jan-22,"$1,141 ",0.730225988700565
Beverie Moffet,India,Eclairs,09-Jun-22,"$10,325 ",0.2062146892655367
Andria Kimpton,India,Eclairs,16-May-22,"$2,149 ",0.1172316384180791
Gigi Bohling,UK,85% Dark Bars,23-Jun-22,"$12,362 ",0.13135593220338984
Roddy Speechley,UK,Raspberry Choco,28-Jan-22,"$12,635 ",0.2725988700564972
Dotty Strutley,UK,Mint Chip Choco,14-Jul-22,"$2,443 ",0.3036723163841808
Barr Faughny,Canada,Drinking Coco,18-Apr-22,"$6,237 ",0.3474576271186441
Oby Sorrel,USA,Milk Bars,14-Jun-22,"$1,736 ",0.11016949152542373
Oby Sorrel,UK,Orange Choco,15-Apr-22,"$7,315 ",0.3333333333333333
Curtice Advani,Canada,Peanut Butter Cubes,19-May-22,"$4,935 ",0.08757062146892655
Gigi Bohling,India,White Choc,13-Apr-22,"$1,393 ",0.24152542372881355
Husein Augar,Canada,Choco Coated Almonds,15-Aug-22,"$3,381 ",0.5748587570621468
Wilone O'Kielt,India,Choco Coated Almonds,22-Aug-22,"$2,933 ",0.327683615819209
Wilone O'Kielt,New Zealand,Baker's Choco Chips,22-Apr-22,"$3,836 ",0.08192090395480225
Kaine Padly,UK,Choco Coated Almonds,03-Aug-22,"$8,022 ",0.17231638418079095
Dennison Crosswaite,New Zealand,Organic Choco Syrup,04-Jan-22,$371 ,0.3220338983050847
Kelci Walkden,Canada,After Nines,13-Jan-22,"$16,702 ",0.2782485875706215
Van Tuxwell,Australia,Baker's Choco Chips,11-May-22,"$13,258 ",0.043785310734463276
Husein Augar,New Zealand,Peanut Butter Cubes,16-Feb-22,"$2,058 ",0.3319209039548023
Kaine Padly,UK,Caramel Stuffed Bars,20-May-22,"$10,192 ",0.09322033898305085
Jehu Rudeforth,UK,Drinking Coco,03-Feb-22,"$7,140 ",0.617231638418079
Beverie Moffet,India,Manuka Honey Choco,06-May-22,"$9,835 ",0.2344632768361582
Gunar Cockshoot,UK,Choco Coated Almonds,30-Jun-22,"$5,775 ",0.18926553672316385
Gunar Cockshoot,UK,Smooth Sliky Salty,22-Mar-22,$749 ,0.2076271186440678
Camilla Castle,Canada,Orange Choco,17-Feb-22,"$7,770 ",0.0748587570621469
Jehu Rudeforth,UK,85% Dark Bars,07-Jul-22,"$5,502 ",0.08898305084745763
Oby Sorrel,UK,70% Dark Bites,16-Mar-22,"$6,223 ",0.2542372881355932
Kelci Walkden,UK,99% Dark & Pure,12-Aug-22,"$3,507 ",0.1596045197740113
Gigi Bohling,New Zealand,After Nines,21-Jan-22,"$5,600 ",0.2542372881355932
Oby Sorrel,Australia,50% Dark Bites,06-May-22,$721 ,0.211864406779661
Oby Sorrel,Canada,50% Dark Bites,24-Jun-22,"$6,615 ",0.192090395480226
Barr Faughny,USA,White Choc,05-May-22,"$7,420 ",0.2288135593220339
Rafaelita Blaksland,New Zealand,99% Dark & Pure,25-Mar-22,"$3,164 ",0.1172316384180791
Curtice Advani,Australia,Caramel Stuffed Bars,14-Feb-22,"$9,114 ",0.1963276836158192
Curtice Advani,New Zealand,85% Dark Bars,12-May-22,"$5,404 ",0.2627118644067797
Barr Faughny,New Zealand,Smooth Sliky Salty,25-Jan-22,"$3,990 ",0.23728813559322035
Ches Bonnell,UK,85% Dark Bars,28-Jun-22,"$14,924 ",0.015536723163841809
Dennison Crosswaite,Australia,Drinking Coco,13-Jul-22,"$7,091 ",0.2725988700564972
Roddy Speechley,USA,Milk Bars,16-May-22,"$2,807 ",0.3545197740112994
Jan Morforth,India,After Nines,14-Mar-22,"$6,496 ",0.23587570621468926
Gunar Cockshoot,USA,After Nines,15-Aug-22,"$3,738 ",0.3672316384180791
Ches Bonnell,India,Orange Choco,16-Feb-22,"$1,190 ",0.3601694915254237
Mallorie Waber,UK,Manuka Honey Choco,15-Jun-22,"$8,379 ",0.059322033898305086
Barr Faughny,Australia,Raspberry Choco,27-May-22,"$9,268 ",0.13983050847457626
Wilone O'Kielt,USA,Drinking Coco,14-Jun-22,"$1,029 ",0.1370056497175141
Wilone O'Kielt,India,Eclairs,25-Feb-22,"$3,549 ",0.1059322033898305
Wilone O'Kielt,India,After Nines,04-Aug-22,"$12,026 ",0.3686440677966102
Kelci Walkden,India,99% Dark & Pure,28-Jun-22,"$2,303 ",0.3432203389830508
Gunar Cockshoot,Canada,Spicy Special Slims,05-Apr-22,"$13,405 ",0.015536723163841809
Madelene Upcott,Canada,Peanut Butter Cubes,05-Jul-22,"$14,763 ",0.15819209039548024
Kaine Padly,New Zealand,Eclairs,20-Jan-22,"$12,894 ",0.06638418079096045
Ches Bonnell,New Zealand,Drinking Coco,16-Feb-22,"$8,302 ",0.18361581920903955
Curtice Advani,UK,Drinking Coco,12-Jul-22,$455 ,0.2443502824858757
Kelci Walkden,India,Raspberry Choco,16-Jun-22,"$8,183 ",0.3573446327683616
Dotty Strutley,Australia,Choco Coated Almonds,13-Apr-22,"$1,645 ",0.3997175141242938
Kaine Padly,UK,50% Dark Bites,21-Feb-22,"$3,143 ",0.09322033898305085
Roddy Speechley,Canada,Choco Coated Almonds,11-May-22,"$5,873 ",0.3502824858757062
Ches Bonnell,India,50% Dark Bites,15-Apr-22,"$11,298 ",0.4406779661016949
Oby Sorrel,Canada,Peanut Butter Cubes,07-Jun-22,"$12,425 ",0.2344632768361582
Oby Sorrel,UK,White Choc,27-Jun-22,"$1,715 ",0.4025423728813559
Barr Faughny,India,After Nines,29-Jul-22,"$8,190 ",0.15254237288135594
Wilone O'Kielt,Canada,Smooth Sliky Salty,02-Jun-22,"$4,991 ",0.2330508474576271
Rafaelita Blaksland,India,Mint Chip Choco,26-Jan-22,"$15,491 ",0.11864406779661017
Rafaelita Blaksland,Canada,99% Dark & Pure,02-Mar-22,"$5,096 ",0.19915254237288135
Van Tuxwell,Australia,70% Dark Bites,10-Jan-22,"$7,063 ",0.14548022598870056
Beverie Moffet,USA,70% Dark Bites,27-Jun-22,"$2,275 ",0.16101694915254236
Barr Faughny,Canada,Orange Choco,30-Jun-22,"$7,602 ",0.02401129943502825
Roddy Speechley,Australia,85% Dark Bars,08-Jul-22,"$4,200 ",0.1115819209039548
Oby Sorrel,India,Spicy Special Slims,08-Jun-22,"$11,137 ",0.1228813559322034
Jan Morforth,UK,Manuka Honey Choco,18-Aug-22,"$3,388 ",0.2980225988700565
Kaine Padly,Australia,After Nines,08-Apr-22,"$6,832 ",0.4307909604519774
Wilone O'Kielt,Canada,Fruit & Nut Bars,08-Aug-22,"$3,437 ",0.2542372881355932
Wilone O'Kielt,UK,Milk Bars,26-Aug-22,$301 ,0.0903954802259887
Oby Sorrel,Canada,Fruit & Nut Bars,14-Jan-22,"$1,869 ",0.22175141242937854
Dennison Crosswaite,USA,Baker's Choco Chips,11-Aug-22,"$17,465 ",0.3813559322033898
Madelene Upcott,USA,Almond Choco,31-May-22,"$10,143 ",0.03248587570621469
Van Tuxwell,New Zealand,50% Dark Bites,11-Jul-22,"$3,626 ",0.012711864406779662
Karlen McCaffrey,Canada,Caramel Stuffed Bars,02-Mar-22,"$3,346 ",0.4279661016949153
Madelene Upcott,Australia,Raspberry Choco,13-Jul-22,"$6,321 ",0.1228813559322034
Rafaelita Blaksland,UK,Spicy Special Slims,03-Aug-22,"$9,345 ",0.1864406779661017
Curtice Advani,UK,Peanut Butter Cubes,01-Mar-22,"$15,008 ",0.23163841807909605
Kelci Walkden,New Zealand,White Choc,13-Apr-22,"$7,609 ",0.21045197740112995
Beverie Moffet,Canada,Fruit & Nut Bars,14-Feb-22,"$10,332 ",0.2528248587570621
Mallorie Waber,India,White Choc,26-Jul-22,$819 ,0.2994350282485876
Brien Boise,UK,Drinking Coco,27-Jan-22,"$5,754 ",0.1864406779661017
Jehu Rudeforth,India,Peanut Butter Cubes,14-Apr-22,$28 ,0.6285310734463276
Oby Sorrel,USA,Almond Choco,19-May-22,"$6,440 ",0.1977401129943503
Husein Augar,India,Eclairs,09-Feb-22,"$4,956 ",0.08050847457627118
Brien Boise,UK,Spicy Special Slims,25-May-22,"$2,352 ",0.08050847457627118
Oby Sorrel,Australia,Manuka Honey Choco,26-Jan-22,"$3,906 ",0.1059322033898305
Beverie Moffet,India,White Choc,04-Jul-22,"$1,813 ",0.4166666666666667
Ches Bonnell,India,Almond Choco,13-Apr-22,"$11,788 ",0.1016949152542373
Gigi Bohling,Australia,Smooth Sliky Salty,25-Jan-22,"$5,768 ",0.16666666666666666
Camilla Castle,USA,85% Dark Bars,25-Apr-22,"$2,401 ",0.10875706214689265
Camilla Castle,USA,Eclairs,10-Jun-22,"$4,515 ",0.5522598870056498
Madelene Upcott,New Zealand,White Choc,22-Aug-22,"$10,794 ",0.07062146892655367
Van Tuxwell,India,After Nines,27-Jun-22,"$13,706 ",0.2909604519774011
Husein Augar,India,Orange Choco,30-Jun-22,"$4,361 ",0.05508474576271186
Jehu Rudeforth,India,Almond Choco,30-Aug-22,"$10,122 ",0.13983050847457626
Karlen McCaffrey,Australia,Raspberry Choco,23-Aug-22,$994 ,0.07909604519774012
Camilla Castle,New Zealand,99% Dark & Pure,26-Aug-22,"$2,268 ",0.05790960451977401
Gigi Bohling,Australia,Orange Choco,09-Mar-22,$574 ,0.2189265536723164
Kelci Walkden,UK,Drinking Coco,20-Apr-22,"$1,792 ",0.031073446327683617
Mallorie Waber,Canada,Caramel Stuffed Bars,10-Jun-22,"$4,844 ",0.7598870056497176
Husein Augar,Australia,Organic Choco Syrup,08-Feb-22,$938 ,0.22175141242937854
Brien Boise,Australia,White Choc,25-Aug-22,"$4,879 ",0.029661016949152543
Dotty Strutley,India,Peanut Butter Cubes,16-Feb-22,"$9,107 ",0.1016949152542373
Dennison Crosswaite,UK,99% Dark & Pure,30-May-22,"$12,187 ",0.03672316384180791
Gigi Bohling,New Zealand,50% Dark Bites,29-Jun-22,"$5,670 ",0.08898305084745763
Gigi Bohling,USA,Milk Bars,16-Jun-22,$476 ,0.1864406779661017
Brien Boise,UK,Caramel Stuffed Bars,04-Mar-22,"$2,681 ",0.20903954802259886
Curtice Advani,New Zealand,Peanut Butter Cubes,15-Mar-22,"$1,533 ",0.6115819209039548
Curtice Advani,New Zealand,50% Dark Bites,27-Jan-22,"$9,765 ",0.11864406779661017
Beverie Moffet,Canada,Drinking Coco,05-Jul-22,$994 ,0.1652542372881356
Barr Faughny,USA,Caramel Stuffed Bars,29-Mar-22,"$3,318 ",0.4209039548022599
Mallorie Waber,Canada,Almond Choco,12-May-22,"$4,214 ",0.0480225988700565
Oby Sorrel,USA,Drinking Coco,11-Mar-22,"$7,714 ",0.06073446327683616
Brien Boise,New Zealand,Eclairs,11-Jul-22,"$4,690 ",0.4209039548022599
Gunar Cockshoot,New Zealand,Choco Coated Almonds,01-Aug-22,"$13,062 ",0.08615819209039548
Gunar Cockshoot,UK,Spicy Special Slims,16-Feb-22,"$12,488 ",0.2810734463276836
Curtice Advani,USA,After Nines,13-Apr-22,"$14,147 ",0.3305084745762712
Oby Sorrel,India,Choco Coated Almonds,14-Feb-22,$49 ,0.5112994350282486
Ches Bonnell,Australia,Peanut Butter Cubes,14-Mar-22,"$10,199 ",0.09463276836158192
Oby Sorrel,Australia,Spicy Special Slims,26-Apr-22,"$11,389 ",0.03531073446327684
Jehu Rudeforth,Canada,Manuka Honey Choco,05-Apr-22,"$3,584 ",0.2810734463276836
Camilla Castle,Canada,Drinking Coco,03-Mar-22,"$12,481 ",0.3714689265536723
Kaine Padly,USA,Spicy Special Slims,13-Jun-22,"$2,107 ",0.2457627118644068
Marney O'Breen,New Zealand,70% Dark Bites,14-Feb-22,"$8,603 ",0.4957627118644068
Roddy Speechley,New Zealand,99% Dark & Pure,18-Apr-22,"$7,483 ",0.2570621468926554
Oby Sorrel,New Zealand,85% Dark Bars,01-Feb-22,"$3,381 ",0.5875706214689266
Dotty Strutley,New Zealand,Orange Choco,04-Aug-22,"$2,030 ",0.20480225988700565
Andria Kimpton,New Zealand,Almond Choco,05-Apr-22,"$6,559 ",0.22175141242937854
Karlen McCaffrey,Australia,99% Dark & Pure,26-Jan-22,"$10,822 ",0.23587570621468926
Kaine Padly,UK,After Nines,21-Jan-22,"$18,697 ",0.24717514124293785
Kaine Padly,Canada,After Nines,22-Aug-22,"$5,845 ",0.24152542372881355
Kaine Padly,UK,Drinking Coco,27-Jan-22,"$2,317 ",0.3149717514124294
Rafaelita Blaksland,UK,50% Dark Bites,16-Feb-22,"$10,150 ",0.09463276836158192
Dotty Strutley,USA,Raspberry Choco,03-Jan-22,"$3,437 ",0.0635593220338983
Karlen McCaffrey,USA,White Choc,24-Aug-22,"$4,592 ",0.0014124293785310734
Oby Sorrel,USA,Spicy Special Slims,07-Feb-22,"$5,691 ",0.5875706214689266
Mallorie Waber,Australia,Smooth Sliky Salty,11-Feb-22,"$4,158 ",0.15254237288135594
Kaine Padly,Canada,Organic Choco Syrup,29-Mar-22,"$5,684 ",0.11299435028248588
Marney O'Breen,USA,Peanut Butter Cubes,15-Jun-22,$693 ,0.4929378531073446
Dennison Crosswaite,UK,Smooth Sliky Salty,26-Apr-22,$546 ,0.19915254237288135
Brien Boise,Australia,Organic Choco Syrup,15-Jul-22,"$4,263 ",0.3714689265536723
Beverie Moffet,India,Organic Choco Syrup,23-Jun-22,"$1,036 ",0.026836158192090395
Dennison Crosswaite,Australia,Baker's Choco Chips,11-Jan-22,"$13,846 ",0.5932203389830508
Beverie Moffet,UK,50% Dark Bites,09-Feb-22,"$2,499 ",0.3813559322033898
Van Tuxwell,UK,Almond Choco,06-Jun-22,"$10,689 ",0.2867231638418079
Dotty Strutley,UK,Caramel Stuffed Bars,10-Aug-22,"$5,768 ",0.3305084745762712
Wilone O'Kielt,Australia,Smooth Sliky Salty,04-Jan-22,"$2,226 ",0.0635593220338983
Andria Kimpton,Canada,70% Dark Bites,08-Apr-22,"$10,262 ",0.01977401129943503
Barr Faughny,UK,Milk Bars,02-Mar-22,"$3,864 ",0.6059322033898306
Van Tuxwell,Canada,Drinking Coco,15-Jun-22,"$4,900 ",1.0
Jehu Rudeforth,Australia,After Nines,14-Feb-22,"$5,250 ",0.06497175141242938
Husein Augar,UK,After Nines,05-Jul-22,"$3,507 ",0.5353107344632768
Barr Faughny,India,Mint Chip Choco,12-Jan-22,"$7,413 ",0.655367231638418
Curtice Advani,India,Mint Chip Choco,03-Mar-22,"$8,155 ",0.134180790960452
Jehu Rudeforth,New Zealand,Milk Bars,18-May-22,"$2,478 ",0.2641242937853107
Gunar Cockshoot,India,Caramel Stuffed Bars,28-Jul-22,"$2,471 ",0.2838983050847458
Curtice Advani,UK,Manuka Honey Choco,07-Feb-22,"$1,666 ",0.1483050847457627
Andria Kimpton,India,Orange Choco,30-May-22,$301 ,0.5932203389830508
Mallorie Waber,Australia,Raspberry Choco,25-Apr-22,"$8,400 ",0.03672316384180791
Beverie Moffet,Canada,85% Dark Bars,16-Feb-22,"$6,139 ",0.062146892655367235
Kelci Walkden,Australia,Drinking Coco,04-May-22,"$1,288 ",0.08333333333333333
Van Tuxwell,Canada,70% Dark Bites,02-Jun-22,"$7,077 ",0.10734463276836158
Dennison Crosswaite,USA,Caramel Stuffed Bars,11-Jul-22,"$2,317 ",0.653954802259887
Beverie Moffet,New Zealand,Spicy Special Slims,07-Jun-22,$63 ,0.08333333333333333
Jan Morforth,UK,Almond Choco,06-Jul-22,"$9,744 ",0.22033898305084745
Husein Augar,India,Raspberry Choco,15-Jun-22,"$9,954 ",0.21610169491525424
Dotty Strutley,India,Mint Chip Choco,14-Apr-22,"$1,260 ",0.3361581920903955
Camilla Castle,India,Drinking Coco,08-Aug-22,$469 ,0.2288135593220339
Marney O'Breen,UK,Drinking Coco,29-Mar-22,$973 ,0.038135593220338986
Roddy Speechley,Australia,Organic Choco Syrup,04-Jul-22,"$3,647 ",0.1059322033898305
Ches Bonnell,India,99% Dark & Pure,16-Feb-22,$455 ,0.134180790960452
Rafaelita Blaksland,Canada,Spicy Special Slims,02-May-22,"$2,520 ",0.2189265536723164
Van Tuxwell,India,Eclairs,21-Jul-22,"$10,500 ",0.1483050847457627
Gunar Cockshoot,Australia,99% Dark & Pure,18-Aug-22,"$7,952 ",0.3305084745762712
Kaine Padly,USA,85% Dark Bars,22-Jun-22,$483 ,0.3644067796610169
Camilla Castle,UK,Peanut Butter Cubes,19-Jul-22,"$4,872 ",0.1765536723163842
Madelene Upcott,UK,Peanut Butter Cubes,12-Aug-22,"$7,756 ",0.11864406779661017
Madelene Upcott,USA,Choco Coated Almonds,07-Jun-22,"$5,446 ",0.1850282485875706
Marney O'Breen,Canada,Peanut Butter Cubes,08-Mar-22,"$6,594 ",0.1271186440677966
Ches Bonnell,Australia,Choco Coated Almonds,08-Apr-22,"$1,470 ",0.2344632768361582
Curtice Advani,Canada,Eclairs,06-May-22,$721 ,0.2853107344632768
Roddy Speechley,India,Drinking Coco,31-May-22,"$4,494 ",0.014124293785310734
Van Tuxwell,Australia,Mint Chip Choco,13-Jan-22,"$2,674 ",0.4152542372881356
Dennison Crosswaite,USA,70% Dark Bites,15-Mar-22,$658 ,0.10734463276836158
Andria Kimpton,Canada,Peanut Butter Cubes,16-Feb-22,"$1,127 ",0.4491525423728814
Gigi Bohling,USA,70% Dark Bites,14-Jan-22,"$7,364 ",0.2754237288135593
Rafaelita Blaksland,Australia,White Choc,21-Mar-22,"$6,818 ",0.1426553672316384
Roddy Speechley,Canada,Drinking Coco,17-May-22,"$6,776 ",0.4392655367231638
Camilla Castle,New Zealand,85% Dark Bars,08-Aug-22,"$15,099 ",0.07627118644067797
Madelene Upcott,Canada,Milk Bars,26-Apr-22,"$3,612 ",0.11440677966101695
Madelene Upcott,Australia,70% Dark Bites,15-Apr-22,"$3,710 ",0.365819209039548
Oby Sorrel,Canada,Eclairs,19-May-22,"$6,111 ",0.8333333333333334
Dennison Crosswaite,Canada,Drinking Coco,10-Jan-22,"$2,702 ",0.03248587570621469
Mallorie Waber,New Zealand,After Nines,04-May-22,$483 ,0.3206214689265537
Roddy Speechley,Canada,White Choc,05-Apr-22,"$5,887 ",0.3771186440677966
Andria Kimpton,India,After Nines,17-Jan-22,$952 ,0.09463276836158192
Roddy Speechley,India,Spicy Special Slims,22-Mar-22,"$10,647 ",0.24293785310734464
Dotty Strutley,Australia,White Choc,05-Jul-22,"$6,055 ",0.12994350282485875
Oby Sorrel,Canada,Orange Choco,27-Apr-22,"$8,757 ",0.4759887005649718
Kaine Padly,Canada,Almond Choco,12-Aug-22,"$6,055 ",0.1016949152542373
Jan Morforth,UK,Baker's Choco Chips,11-Mar-22,$721 ,0.3531073446327684
Jehu Rudeforth,UK,Fruit & Nut Bars,13-May-22,"$8,589 ",0.3220338983050847
Dennison Crosswaite,USA,Smooth Sliky Salty,12-May-22,"$11,781 ",0.1271186440677966
Brien Boise,USA,Raspberry Choco,12-Jan-22,$672 ,0.2725988700564972
Madelene Upcott,New Zealand,Milk Bars,29-Mar-22,"$12,558 ",0.5677966101694916
Roddy Speechley,India,50% Dark Bites,14-Mar-22,"$8,337 ",0.015536723163841809
Barr Faughny,New Zealand,99% Dark & Pure,24-May-22,"$8,134 ",0.2740112994350282
Dennison Crosswaite,Canada,Organic Choco Syrup,28-Jan-22,"$8,491 ",0.10451977401129943
Beverie Moffet,India,Almond Choco,24-May-22,"$3,066 ",0.134180790960452
Brien Boise,Australia,Peanut Butter Cubes,19-Aug-22,$301 ,0.288135593220339
Karlen McCaffrey,Australia,Spicy Special Slims,17-May-22,"$4,410 ",0.4548022598870056
Jehu Rudeforth,USA,White Choc,07-Jun-22,"$6,559 ",0.16666666666666666
Ches Bonnell,Canada,Organic Choco Syrup,26-Jul-22,$574 ,0.3050847457627119
Dotty Strutley,India,Eclairs,28-Jul-22,"$2,086 ",0.5409604519774012
Karlen McCaffrey,India,70% Dark Bites,23-May-22,"$5,075 ",0.4844632768361582
